code,name,tipo,titularidad,titular,mncp,dircc,tlf,fax,web,email,jornada
28010722,"CP INF-PRI ""JOAQUIN COSTA""",COLEGIO DE EDUCACIÓN INFANTIL Y PRIMARIA,Público,COMUNIDAD DE MADRID,Madrid-Capital,"paseo de pontones 8, 28005, Madrid (Arganzuela).",913653632,,http://www.educa.madrid.org/cp.joaquincosta.madrid,cp.joaquincosta.madrid@educa.madrid.org,Jornada partida
28010722,"CP INF-PRI ""JOAQUIN COSTA""",COLEGIO DE EDUCACIÓN INFANTIL Y PRIMARIA,Público,COMUNIDAD DE MADRID,Madrid-Capital,"paseo de pontones 8, 28005, Madrid (Arganzuela).",913653632,,http://www.educa.madrid.org/cp.joaquincosta.madrid,cp.joaquincosta.madrid@educa.madrid.org,Jornada partida
28010761,"CP INF-PRI ""LEGADO CRESPO""",COLEGIO DE EDUCACIÓN INFANTIL Y PRIMARIA,Público,COMUNIDAD DE MADRID,Madrid-Capital,"paseo de las acacias 2, 28005, Madrid (Arganzuela).",915286325,915286325,http://www.educa.madrid.org/cp.legadocrespo.madrid,cp.legadocrespo.madrid@educa.madrid.org,Jornada continua
28005830,"CP INF-PRI ""MARQUES DE MARCENADO""",COLEGIO DE EDUCACIÓN INFANTIL Y PRIMARIA,Público,MINISTERIO DE DEFENSA,Madrid-Capital,"calle de linneo 31, 28005, Madrid (Arganzuela).",913658588,913669822,http://www.educa.madrid.org/cp.marquesdemarcenado.madrid,cp.marquesdemarcenado.madrid@educa.madrid.org,Jornada continua
28005881,,,,,,,,,,,
28010850,,,,,,,,,,,
28071371,"CP INF-PRI ""PLACIDO DOMINGO""",COLEGIO DE EDUCACIÓN INFANTIL Y PRIMARIA,Público,COMUNIDAD DE MADRID,Madrid-Capital,"calle del tejo 5, 28045, Madrid (Arganzuela).",917650789,915302878,http://www.educa.madrid.org/cp.placidodomingo.madrid,cp.placidodomingo.madrid@educa.madrid.org,Jornada partida
28006275,"CP INF-PRI ""SAN EUGENIO Y SAN ISIDRO""",COLEGIO DE EDUCACIÓN INFANTIL Y PRIMARIA,Público,COMUNIDAD DE MADRID,Madrid-Capital,"calle de peñuelas 31, 28005, Madrid (Arganzuela).",914737711,,http://www.educa.madrid.org/cp.saneugenio.madrid,cp.saneugenio.madrid@educa.madrid.org,Jornada partida
28006408,"CP INF-PRI ""TIRSO DE MOLINA""",COLEGIO DE EDUCACIÓN INFANTIL Y PRIMARIA,Público,COMUNIDAD DE MADRID,Madrid-Capital,"calle del bronce 1, 28045, Madrid (Arganzuela).",915278932,914683695,http://www.educa.madrid.org/cp.tirsodemolina.madrid,cp.tirsodemolina.madrid@educa.madrid.org,Jornada partida
28010394,"CP INF-PRI ""TOMAS BRETON""",COLEGIO DE EDUCACIÓN INFANTIL Y PRIMARIA,Público,COMUNIDAD DE MADRID,Madrid-Capital,"calle de alejandro dumas 4, 28005, Madrid (Arganzuela).",913642214,913667387,http://www.educa.madrid.org/cp.tomasbreton.madrid,cp.tomasbreton.madrid@educa.madrid.org,Jornada partida
28045608,,,,,,,,,,,
28021562,,,,,,,,,,,
28020910,"IES ""JUAN DE LA CIERVA""",INSTITUTO DE EDUCACIÓN SECUNDARIA,Público,COMUNIDAD DE MADRID,Madrid-Capital,"calle de la caoba 1, 28005, Madrid (Arganzuela).",915064610,914670167,http://www.educa.madrid.org/ies.juandelacierva.madrid,ies.juandelacierva.madrid@educa.madrid.org,Jornada continua
28037201,,,,,,,,,,,
28018502,"CP INF-PRI ""CIUDAD DE GUADALAJARA""",COLEGIO DE EDUCACIÓN INFANTIL Y PRIMARIA,Público,COMUNIDAD DE MADRID,Madrid-Capital,"calle del bergantín 13, 28042, Madrid (Barajas).",917470938,917472064,http://www.educa.madrid.org/cp.ciudaddeguadalajara.madrid,cp.ciudaddeguadalajara.madrid@educa.madrid.org,Jornada partida
28018708,,,,,,,,,,,
28074578,"CP INF-PRI ""MARGARET THATCHER""",COLEGIO DE EDUCACIÓN INFANTIL Y PRIMARIA,Público,COMUNIDAD DE MADRID,Madrid-Capital,"glorieta de la playa de san lorenzo s/n, 28042, Madrid (Barajas).",913056086,913055404,http://www.educa.madrid.org/cp.margaretthatcher.madrid,cp.margaretthatcher.madrid@educa.madrid.org,Jornada partida
28079424,,,,,,,,,,,
28033539,"IES ""ALAMEDA DE OSUNA""",INSTITUTO DE EDUCACIÓN SECUNDARIA,Público,COMUNIDAD DE MADRID,Madrid-Capital,"calle de antonio sancha 11, 28042, Madrid (Barajas).",912761560,913291525,http://www.educa.madrid.org/ies.alamedadeosuna.madrid,ies.alamedadeosuna.madrid@educa.madrid.org,Jornada continua
28043651,,,,,,,,,,,
28005039,"CP INF-PRI ""ANTONIO MACHADO""",COLEGIO DE EDUCACIÓN INFANTIL Y PRIMARIA,Público,COMUNIDAD DE MADRID,Madrid-Capital,"calle de allariz 3, 28044, Madrid (Carabanchel).",915088661,914006788,http://www.educa.madrid.org/cp.machado.madrid,cp.machado.madrid@educa.madrid.org,Jornada continua
28006469,"CP INF-PRI ""ARCIPRESTE DE HITA""",COLEGIO DE EDUCACIÓN INFANTIL Y PRIMARIA,Público,COMUNIDAD DE MADRID,Madrid-Capital,"calle de antonio moreno 25, 28025, Madrid (Carabanchel).",915605495,914605635,http://www.educa.madrid.org/cp.arciprestedehita.madrid,cp.arciprestedehita.madrid@educa.madrid.org,Jornada continua
28005179,,,,,,,,,,,
28010497,,,,,,,,,,,
28006111,"CP INF-PRI ""GONZALO DE BERCEO""",COLEGIO DE EDUCACIÓN INFANTIL Y PRIMARIA,Público,COMUNIDAD DE MADRID,Madrid-Capital,"avenida de abrantes 5, 28025, Madrid (Carabanchel).",915697225,914692174,http://www.educa.madrid.org/cp.gonzalodeberceo.madrid,cp.gonzalodeberceo.madrid@educa.madrid.org,Jornada continua
28005477,"CP INF-PRI ""HAITI""",COLEGIO DE EDUCACIÓN INFANTIL Y PRIMARIA,Público,COMUNIDAD DE MADRID,Madrid-Capital,"calle de guabairo 22, 28047, Madrid (Carabanchel).",914220250,914651108,http://www.educa.madrid.org/cp.haiti.madrid,cp.haiti.madrid@educa.madrid.org,Jornada continua
28005568,"CP INF-PRI ""ISAAC PERAL""",COLEGIO DE EDUCACIÓN INFANTIL Y PRIMARIA,Público,COMUNIDAD DE MADRID,Madrid-Capital,"glorieta de rufino novalvos 5, 28025, Madrid (Carabanchel).",914726780,,http://www.educa.madrid.org/cp.isaacperal.madrid,cp.isaacperal.madrid@educa.madrid.org,Jornada continua
28031488,,,,,,,,,,,
28010783,"CP INF-PRI ""LOPE DE VEGA""",COLEGIO DE EDUCACIÓN INFANTIL Y PRIMARIA,Público,COMUNIDAD DE MADRID,Madrid-Capital,"calle de inglaterra 8, 28019, Madrid (Carabanchel).",914710955,914721124,http://www.educa.madrid.org/cp.lopedevega.madrid,cp.lopedevega.madrid@educa.madrid.org,Jornada partida
28072466,,,,,,,,,,,
28031051,,,,,,,,,,,
28035548,,,,,,,,,,,
28006056,,,,,,,,,,,
28063763,,,,,,,,,,,
28010965,"CP INF-PRI ""REPUBLICA DE COLOMBIA""",COLEGIO DE EDUCACIÓN INFANTIL Y PRIMARIA,Público,COMUNIDAD DE MADRID,Madrid-Capital,"plaza de alloz 3, 28025, Madrid (Carabanchel).",914650587,914650587,http://www.educa.madrid.org/cp.colombia.madrid,cp.colombia.madrid@educa.madrid.org,Jornada continua
28006172,,,,,,,,,,,
28006160,"CP INF-PRI ""REPUBLICA DOMINICANA""",COLEGIO DE EDUCACIÓN INFANTIL Y PRIMARIA,Público,COMUNIDAD DE MADRID,Madrid-Capital,"ronda de don bosco 2, 28044, Madrid (Carabanchel).",914629060,914662819,http://www.educa.madrid.org/cp.republicadominicana.madrid,cp.republicadominicana.madrid@educa.madrid.org,Jornada continua
28006305,"CP INF-PRI ""SAN IGNACIO DE LOYOLA""",COLEGIO DE EDUCACIÓN INFANTIL Y PRIMARIA,Público,COMUNIDAD DE MADRID,Madrid-Capital,"avenida de abrantes 1, 28025, Madrid (Carabanchel).",915651989,914698461,http://www.educa.madrid.org/cp.sanignacio.madrid,cp.sanignacio.madrid@educa.madrid.org,Jornada continua
28029664,,,,,,,,,,,
28005556,,,,,,,,,,,
28045293,"CEPA ""OPORTO""",CENTRO PÚBLICO DE EDUCACIÓN DE PERSONAS ADULTAS,Público,COMUNIDAD DE MADRID,Madrid-Capital,"avenida de oporto 46-48, 28019, Madrid (Carabanchel).",915608402,914697543,http://www.educa.madrid.org/cepa.oporto.madrid,cepa.oporto.madrid@educa.madrid.org,Sin tipo de jornada identificada
28042929,"CEPA ""PAN BENDITO""",CENTRO PÚBLICO DE EDUCACIÓN DE PERSONAS ADULTAS,Público,COMUNIDAD DE MADRID,Madrid-Capital,"calle del camino viejo de leganés 188, 28025, Madrid (Carabanchel).",915600590,914608833,http://www.educa.madrid.org/cepa.panbendito.madrid,cepa.panbendito.madrid@educa.madrid.org,Sin tipo de jornada identificada
28044501,,,,,,,,,,,
28056114,"UFIL ""PUERTA BONITA""",UNIDAD DE FORMACIÓN E INSERCIÓN LABORAL,Público,COMUNIDAD DE MADRID,Madrid-Capital,"calle del padre amigo 5, 28025, Madrid (Carabanchel).",915251402,914285751,http://www.educa.madrid.org/ufil.puertabonita.madrid,ufil.puertabonita.madrid@educa.madrid.org,Sin tipo de jornada identificada
28701081,,,,,,,,,,,
28020961,,,,,,,,,,,
28018435,,,,,,,,,,,
28020958,,,,,,,,,,,
28074918,"IES ""FRANCISCO AYALA""",INSTITUTO DE EDUCACIÓN SECUNDARIA,Público,COMUNIDAD DE MADRID,Madrid-Capital,"calle del jacobeo 33, 28054, Madrid (Carabanchel).",915116804,915080647,http://www.educa.madrid.org/ies.franciscoayala.madrid,ies.franciscoayala.madrid@educa.madrid.org,Sin tipo de jornada identificada
28048282,,,,,,,,,,,
28057271,"IES ""RENACIMIENTO""",INSTITUTO DE EDUCACIÓN SECUNDARIA,Público,COMUNIDAD DE MADRID,Madrid-Capital,"calle de castellflorite 4, 28019, Madrid (Carabanchel).",914615211,915256849,http://www.educa.madrid.org/ies.renacimiento.madrid,ies.renacimiento.madrid@educa.madrid.org,Jornada continua
28021008,"IES ""VISTA ALEGRE""",INSTITUTO DE EDUCACIÓN SECUNDARIA,Público,COMUNIDAD DE MADRID,Madrid-Capital,"calle del general ricardos 177, 28025, Madrid (Carabanchel).",914628600,915258200,http://www.educa.madrid.org/ies.vistaalegre.madrid,ies.vistaalegre.madrid@educa.madrid.org,Jornada continua
28010874,"CP INF-PRI ""ANTONIO MORENO ROSALES""",COLEGIO DE EDUCACIÓN INFANTIL Y PRIMARIA,Público,COMUNIDAD DE MADRID,Madrid-Capital,"calle del olmo 4, 28012, Madrid (Centro).",680694982,,http://www.educa.madrid.org/cp.antoniomorenoro.madrid,cp.antoniomorenoro.madrid@educa.madrid.org,Jornada partida
28005349,"CP INF-PRI ""EMILIA PARDO BAZAN""",COLEGIO DE EDUCACIÓN INFANTIL Y PRIMARIA,Público,COMUNIDAD DE MADRID,Madrid-Capital,"calle del ventorrillo 14, 28005, Madrid (Centro).",915306059,,http://www.educa.madrid.org/cp.pardobazan.madrid,cp.pardobazan.madrid@educa.madrid.org,Jornada continua
28010710,,,,,,,,,,,
28013309,,,,,,,,,,,
28010916,,,,,,,,,,,
28010679,,,,,,,,,,,
28006317,"CP INF-PRI ""SAN ILDEFONSO""",COLEGIO DE EDUCACIÓN INFANTIL Y PRIMARIA,Público,AYUNTAMIENTO,Madrid-Capital,"calle de alfonso vi 1, 28005, Madrid (Centro).",913643923,913641170,http://www.educa.madrid.org/cp.sanildefonso.madrid,cp.sanildefonso.madrid@educa.madrid.org,Jornada partida
28006381,,,,,,,,,,,
28011040,,,,,,,,,,,
28059361,"CEPA ""DISTRITO CENTRO""",CENTRO PÚBLICO DE EDUCACIÓN DE PERSONAS ADULTAS,Público,COMUNIDAD DE MADRID,Madrid-Capital,"calle de san bernardo (edificio i.e.s lope de vega) 70, piso: 2º, 28015, Madrid (Centro).",915329959,915329959,http://www.educa.madrid.org/cepa.centro.madrid,cepa.centro.madrid@educa.madrid.org,Sin tipo de jornada identificada
28020934,"IES ""CARDENAL CISNEROS""",INSTITUTO DE EDUCACIÓN SECUNDARIA,Público,COMUNIDAD DE MADRID,Madrid-Capital,"calle de los reyes 4, 28015, Madrid (Centro).",915224869,915216372,http://www.educa.madrid.org/ies.cardenalcisnero.madrid,ies.cardenalcisnero.madrid@educa.madrid.org,Jornada continua
28004059,,,,,,,,,,,
28019889,"IES ""LOPE DE VEGA""",INSTITUTO DE EDUCACIÓN SECUNDARIA,Público,COMUNIDAD DE MADRID,Madrid-Capital,"calle de san bernardo 70, 28015, Madrid (Centro).",915321362,915320248,http://www.educa.madrid.org/ies.lopedevega.madrid,ies.lopedevega.madrid@educa.madrid.org,Jornada continua
28020946,"IES ""SAN ISIDRO""",INSTITUTO DE EDUCACIÓN SECUNDARIA,Público,COMUNIDAD DE MADRID,Madrid-Capital,"calle de toledo 39, 28005, Madrid (Centro).",913651271,913656833,http://www.educa.madrid.org/ies.sanisidro.madrid,ies.sanisidro.madrid@educa.madrid.org,Jornada continua
28018344,"IES ""SANTA TERESA DE JESUS""",INSTITUTO DE EDUCACIÓN SECUNDARIA,Público,COMUNIDAD DE MADRID,Madrid-Capital,"calle del fomento 9, 28013, Madrid (Centro).",915415996,915418034,http://www.educa.madrid.org/ies.santateresa.madrid,ies.santateresa.madrid@educa.madrid.org,Jornada continua
28700209,,,,,,,,,,,
28047691,,,,,,,,,,,
28021124,"CP INF-PRI ""ARQUITECTO GAUDI""",COLEGIO DE EDUCACIÓN INFANTIL Y PRIMARIA,Público,COMUNIDAD DE MADRID,Madrid-Capital,"calle de rosa jardón 10, 28016, Madrid (Chamartín).",913506564,913506564,http://www.educa.madrid.org/cp.arquitectogaudi.madrid,cp.arquitectogaudi.madrid@educa.madrid.org,Jornada partida
28004552,"CP INF-PRI ""ISAAC ALBENIZ""",COLEGIO DE EDUCACIÓN INFANTIL Y PRIMARIA,Público,COMUNIDAD DE MADRID,Madrid-Capital,"calle de la drácena 29, 28016, Madrid (Chamartín).",913596972,913596972,http://www.educa.madrid.org/cp.albeniz.madrid,cp.albeniz.madrid@educa.madrid.org,Jornada partida
28005571,"CP INF-PRI ""LUIS BELLO""",COLEGIO DE EDUCACIÓN INFANTIL Y PRIMARIA,Público,COMUNIDAD DE MADRID,Madrid-Capital,"calle de luis cabrera 66, 28002, Madrid (Chamartín).",912205533,912205535,http://www.educa.madrid.org/cp.luisbello.madrid,cp.luisbello.madrid@educa.madrid.org,Jornada continua
28006020,,,,,,,,,,,
28010931,,,,,,,,,,,
28021045,"CP INF-PRI ""PINTOR ROSALES""",COLEGIO DE EDUCACIÓN INFANTIL Y PRIMARIA,Público,COMUNIDAD DE MADRID,Madrid-Capital,"calle del príncipe de vergara 139, 28002, Madrid (Chamartín).",915623948,915638730,http://www.educa.madrid.org/cp.pintorrosales.madrid,cp.pintorrosales.madrid@educa.madrid.org,Jornada partida
28006123,"CP INF-PRI ""RAMIRO DE MAEZTU""",COLEGIO DE EDUCACIÓN INFANTIL Y PRIMARIA,Público,COMUNIDAD DE MADRID,Madrid-Capital,"calle de serrano 127, 28006, Madrid (Chamartín).",915616249,915647056,http://www.educa.madrid.org/cp.ramirodemaeztu.madrid,cp.ramirodemaeztu.madrid@educa.madrid.org,Jornada partida
28006354,"CP INF-PRI ""SAN JUAN DE LA CRUZ""",COLEGIO DE EDUCACIÓN INFANTIL Y PRIMARIA,Público,COMUNIDAD DE MADRID,Madrid-Capital,"calle de honduras 10, 28016, Madrid (Chamartín).",913453044,913509861,http://www.educa.madrid.org/cp.sanjuandelacruz.madrid,cp.sanjuandelacruz.madrid@educa.madrid.org,Jornada partida
28042656,,,,,,,,,,,
28028672,,,,,,,,,,,
28043715,"EEI ""VALLEHERMOSO""",ESCUELA INFANTIL,Público,COMUNIDAD DE MADRID,Madrid-Capital,"calle de fernández de los ríos 42, 28015, Madrid (Chamberí).",915941326,915941326,http://www.educa.madrid.org/eei.vallehermoso.madrid,eei.vallehermoso.madrid@educa.madrid.org,Jornada continua
28005210,,,,,,,,,,,
28005258,"CP INF-PRI ""CLAUDIO MOYANO""",COLEGIO DE EDUCACIÓN INFANTIL Y PRIMARIA,Público,COMUNIDAD DE MADRID,Madrid-Capital,"calle de cea bermúdez 26, 28003, Madrid (Chamberí).",915335718,915345924,http://www.educa.madrid.org/cp.claudiomoyano.madrid,cp.claudiomoyano.madrid@educa.madrid.org,Jornada partida
28005076,"CP INF-PRI ""DE PRACTICAS ASUNCION RINCON""",COLEGIO DE EDUCACIÓN INFANTIL Y PRIMARIA,Público,COMUNIDAD DE MADRID,Madrid-Capital,"avenida de filipinas 5, 28003, Madrid (Chamberí).",915542118,915345120,http://www.educa.madrid.org/cp.asuncionrincon.madrid,cp.asuncionrincon.madrid@educa.madrid.org,Jornada partida
28010618,"CP INF-PRI ""FERNANDO EL CATOLICO""",COLEGIO DE EDUCACIÓN INFANTIL Y PRIMARIA,Público,COMUNIDAD DE MADRID,Madrid-Capital,"calle de fernando el católico 16, 28015, Madrid (Chamberí).",914442902,914469251,http://www.educa.madrid.org/cp.fernandoelcatolico.madrid,cp.fernandoelcatolico.madrid@educa.madrid.org,Jornada partida
28006238,"CP INF-PRI ""RUFINO BLANCO""",COLEGIO DE EDUCACIÓN INFANTIL Y PRIMARIA,Público,COMUNIDAD DE MADRID,Madrid-Capital,"calle del general álvarez de castro 46, 28010, Madrid (Chamberí).",914484083,915944701,http://www.educa.madrid.org/cp.rufinoblanco.madrid,cp.rufinoblanco.madrid@educa.madrid.org,Jornada partida
28010990,"CP INF-PRI ""SAN CRISTOBAL""",COLEGIO DE EDUCACIÓN INFANTIL Y PRIMARIA,Público,COMUNIDAD DE MADRID,Madrid-Capital,"calle de bravo murillo 39, 28015, Madrid (Chamberí).",914481381,914480206,http://www.educa.madrid.org/cp.sancristobal.madrid,cp.sancristobal.madrid@educa.madrid.org,Jornada partida
28030137,"IES ""FORTUNY""",INSTITUTO DE EDUCACIÓN SECUNDARIA,Público,COMUNIDAD DE MADRID,Madrid-Capital,"calle de fortuny 24, 28010, Madrid (Chamberí).",913101839,913087018,http://www.educa.madrid.org/ies.fortuny.madrid,ies.fortuny.madrid@educa.madrid.org,Jornada continua
28038379,"IES ""ISLAS FILIPINAS""",INSTITUTO DE EDUCACIÓN SECUNDARIA,Público,COMUNIDAD DE MADRID,Madrid-Capital,"calle de jesús maestro 3, 28003, Madrid (Chamberí).",915544349,915537592,http://www.educa.madrid.org/ies.islasfilipinas.madrid,ies.islasfilipinas.madrid@educa.madrid.org,Jornada continua
28018903,"IES ""JOAQUÍN TURINA""",INSTITUTO DE EDUCACIÓN SECUNDARIA,Público,COMUNIDAD DE MADRID,Madrid-Capital,"calle de guzmán el bueno 92, 28003, Madrid (Chamberí).",915539625,915336253,http://www.educa.madrid.org/ies.joaquinturina.madrid,ies.joaquinturina.madrid@educa.madrid.org,Jornada continua
28034441,"IES ""SAN ISIDORO DE SEVILLA""",INSTITUTO DE EDUCACIÓN SECUNDARIA,Público,COMUNIDAD DE MADRID,Madrid-Capital,"plaza del marqués de comillas 1, 28040, Madrid (Chamberí).",915330607,915330337,http://www.educa.madrid.org/ies.sanisidoro.madrid,ies.sanisidoro.madrid@educa.madrid.org,Jornada continua
28018368,,,,,,,,,,,
28043533,,,,,,,,,,,
28043600,"EEI ""EL PILAR""",ESCUELA INFANTIL,Público,COMUNIDAD DE MADRID,Madrid-Capital,"calle de siena 38, 28027, Madrid (Ciudad Lineal).",914036749,914036749,http://www.educa.madrid.org/eei.elpilar.madrid,eei.elpilar.madrid@educa.madrid.org,Jornada continua
28010461,,,,,,,,,,,
28005261,"CP INF-PRI ""CONDE DE ROMANONES""",COLEGIO DE EDUCACIÓN INFANTIL Y PRIMARIA,Público,COMUNIDAD DE MADRID,Madrid-Capital,"calle del elfo 143, 28027, Madrid (Ciudad Lineal).",913673655,914080947,http://www.educa.madrid.org/cp.condederomanones.madrid,cp.condederomanones.madrid@educa.madrid.org,Jornada continua
28031804,"CP INF-PRI ""GANDHI""",COLEGIO DE EDUCACIÓN INFANTIL Y PRIMARIA,Público,COMUNIDAD DE MADRID,Madrid-Capital,"calle de gandhi 10, 28017, Madrid (Ciudad Lineal).",917544592,913045222,http://www.educa.madrid.org/cp.gandhi.madrid,cp.gandhi.madrid@educa.madrid.org,Jornada continua
28005465,"CP INF-PRI ""GUSTAVO ADOLFO BECQUER""",COLEGIO DE EDUCACIÓN INFANTIL Y PRIMARIA,Público,COMUNIDAD DE MADRID,Madrid-Capital,"calle de santa genoveva 32, 28017, Madrid (Ciudad Lineal).",914051507,914053498,http://www.educa.madrid.org/cp.becquer.madrid,cp.becquer.madrid@educa.madrid.org,Jornada continua
28021306,,,,,,,,,,,
28010898,"CP INF-PRI ""LEOPOLDO ALAS""",COLEGIO DE EDUCACIÓN INFANTIL Y PRIMARIA,Público,COMUNIDAD DE MADRID,Madrid-Capital,"calle de pedrezuela 18, 28017, Madrid (Ciudad Lineal).",914033755,914042281,http://www.educa.madrid.org/cp.leopoldoalas.madrid,cp.leopoldoalas.madrid@educa.madrid.org,Jornada continua
28005866,"CP INF-PRI ""MEJICO""",COLEGIO DE EDUCACIÓN INFANTIL Y PRIMARIA,Público,COMUNIDAD DE MADRID,Madrid-Capital,"avenida de badajoz 74, 28027, Madrid (Ciudad Lineal).",914035744,914045880,http://www.educa.madrid.org/cp.mejico.madrid,cp.mejico.madrid@educa.madrid.org,Jornada partida
28010849,"CP INF-PRI ""MIGUEL BLASCO VILATELA""",COLEGIO DE EDUCACIÓN INFANTIL Y PRIMARIA,Público,COMUNIDAD DE MADRID,Madrid-Capital,"calle de los hermanos garcía noblejas 70, 28017, Madrid (Ciudad Lineal).",913043999,,http://www.educa.madrid.org/cp.blascovilatela.madrid,cp.blascovilatela.madrid@educa.madrid.org,Jornada continua
28005945,,,,,,,,,,,
28019658,,,,,,,,,,,
28030472,,,,,,,,,,,
28011015,"CP INF-PRI ""SAN JUAN BOSCO""",COLEGIO DE EDUCACIÓN INFANTIL Y PRIMARIA,Público,COMUNIDAD DE MADRID,Madrid-Capital,"calle de santa irene 2, 28017, Madrid (Ciudad Lineal).",914053610,914043233,http://www.educa.madrid.org/cp.sanjuanbosco.madrid,cp.sanjuanbosco.madrid@educa.madrid.org,Jornada continua
28036942,"CP EE ""INFANTA ELENA""",COLEGIO DE EDUCACIÓN ESPECIAL,Público,COMUNIDAD DE MADRID,Madrid-Capital,"avenida de badajoz 76, 28027, Madrid (Ciudad Lineal).",914038345,914048312,http://www.educa.madrid.org/cpee.infantaelena.madrid,cpee.infantaelena.madrid@educa.madrid.org,Jornada partida
28045271,"CEPA ""CIUDAD LINEAL""",CENTRO PÚBLICO DE EDUCACIÓN DE PERSONAS ADULTAS,Público,COMUNIDAD DE MADRID,Madrid-Capital,"calle hnos garcía noblejas (acceso por luis campos) 70, 28017, Madrid (Ciudad Lineal).",917545206,913045783,http://www.educa.madrid.org/cepa.ciudadlineal.madrid,cepa.ciudadlineal.madrid@educa.madrid.org,Sin tipo de jornada identificada
28030991,"CP IFP ""BARRIO DE BILBAO""",CENTRO PÚBLICO INTEGRADO DE FORMACIÓN PROFESIONAL,Público,COMUNIDAD DE MADRID,Madrid-Capital,"calle de villaescusa 19, 28017, Madrid (Ciudad Lineal).",913041018,917542920,http://www.educa.madrid.org/cifp.barriodebilbao.madrid,cifp.barriodebilbao.madrid@educa.madrid.org,Jornada continua
28045633,"IES ""FRANCISCO DE GOYA""",INSTITUTO DE EDUCACIÓN SECUNDARIA,Público,COMUNIDAD DE MADRID,Madrid-Capital,"calle de santa irene 4, 28017, Madrid (Ciudad Lineal).",914051101,914051597,http://www.educa.madrid.org/ies.goya.madrid,ies.goya.madrid@educa.madrid.org,Jornada continua
28030162,,,,,,,,,,,
28039876,,,,,,,,,,,
28043466,"EEI ""EL BELEN""",ESCUELA INFANTIL,Público,COMUNIDAD DE MADRID,Madrid-Capital,"calle de braille 23, 28034, Madrid (Fuencarral-El Pardo).",917341043,917341043,http://www.educa.madrid.org/eei.elbelen.madrid,eei.elbelen.madrid@educa.madrid.org,Jornada continua
28038318,"CP INF-PRI ""ALHAMBRA""",COLEGIO DE EDUCACIÓN INFANTIL Y PRIMARIA,Público,COMUNIDAD DE MADRID,Madrid-Capital,"calle de ramón gómez de la serna 103, 28035, Madrid (Fuencarral-El Pardo).",913162273,913737021,http://www.educa.madrid.org/cp.alhambra.madrid,cp.alhambra.madrid@educa.madrid.org,Jornada partida
28072478,"CP INF-PRI ""ANTONIO FONTAN""",COLEGIO DE EDUCACIÓN INFANTIL Y PRIMARIA,Público,COMUNIDAD DE MADRID,Madrid-Capital,"avenida santuario de valverde c/v monasterio arlanza s/n, 28049, Madrid (Fuencarral-El Pardo).",911722243,,http://www.educa.madrid.org/cp.antoniofontan.madrid,cp.antoniofontan.madrid@educa.madrid.org,Jornada partida
28075777,"CP INF-PRI-SEC ""BLAS DE LEZO""","COLEGIO DE EDUCACIÓN INFANTIL, PRIMARIA Y SECUNDARIA",Público,COMUNIDAD DE MADRID,Madrid-Capital,"calle de fromista 27, 28050, Madrid (Fuencarral-El Pardo).",912761564,917031658,http://www.educa.madrid.org/cp.blasdelezo.madrid,cp.blasdelezo.madrid@educa.madrid.org,Jornada partida
28021331,"CP INF-PRI ""BRAVO MURILLO""",COLEGIO DE EDUCACIÓN INFANTIL Y PRIMARIA,Público,COMUNIDAD DE MADRID,Madrid-Capital,"calle de las islas cíes 11, 28035, Madrid (Fuencarral-El Pardo).",917385793,917385793,http://www.educa.madrid.org/cp.bravomurillo.madrid,cp.bravomurillo.madrid@educa.madrid.org,Jornada continua
28031063,"CP INF-PRI ""BREOGAN""",COLEGIO DE EDUCACIÓN INFANTIL Y PRIMARIA,Público,COMUNIDAD DE MADRID,Madrid-Capital,"calle de ginzo de limia 2, 28029, Madrid (Fuencarral-El Pardo).",917304040,917396184,http://www.educa.madrid.org/cp.breogan.madrid,cp.breogan.madrid@educa.madrid.org,Jornada partida
28041755,"CP INF-PRI ""CAMILO JOSE CELA""",COLEGIO DE EDUCACIÓN INFANTIL Y PRIMARIA,Público,COMUNIDAD DE MADRID,Madrid-Capital,"calle de melchor fernández almagro 22, 28029, Madrid (Fuencarral-El Pardo).",917392424,913781507,http://www.educa.madrid.org/cp.cela.madrid,cp.cela.madrid@educa.madrid.org,Jornada partida
28030198,"CP INF-PRI ""CARDENAL HERRERA ORIA""",COLEGIO DE EDUCACIÓN INFANTIL Y PRIMARIA,Público,COMUNIDAD DE MADRID,Madrid-Capital,"calle de fermín caballero 68, 28034, Madrid (Fuencarral-El Pardo).",913781613,,http://www.educa.madrid.org/cp.cardenalherrera.madrid,cp.cardenalherrera.madrid@educa.madrid.org,Jornada partida
28033928,"CP INF-PRI ""COMPLEJO ESCOLAR PRINCIPE FELIPE""",COLEGIO DE EDUCACIÓN INFANTIL Y PRIMARIA,Público,COMUNIDAD DE MADRID,Madrid-Capital,"avenida de monforte de lemos 24, 28029, Madrid (Fuencarral-El Pardo).",913146819,913232548,http://www.educa.madrid.org/cp.principefelipe.madrid,cp.principefelipe.madrid@educa.madrid.org,Jornada continua
28063775,"CP INF-PRI ""GABRIELA MISTRAL""",COLEGIO DE EDUCACIÓN INFANTIL Y PRIMARIA,Público,COMUNIDAD DE MADRID,Madrid-Capital,"calle de mirallos 3, 28050, Madrid (Fuencarral-El Pardo).",913586549,913586557,http://www.educa.madrid.org/cp.gabrielamistral.madrid,cp.gabrielamistral.madrid@educa.madrid.org,Jornada partida
28063787,,,,,,,,,,,
28021057,"CP INF-PRI ""JORGE GUILLEN""",COLEGIO DE EDUCACIÓN INFANTIL Y PRIMARIA,Público,COMUNIDAD DE MADRID,Madrid-Capital,"avenida de el ferrol 47, 28029, Madrid (Fuencarral-El Pardo).",917393801,917393801,http://www.educa.madrid.org/cp.jorgeguillen.madrid,cp.jorgeguillen.madrid@educa.madrid.org,Jornada continua
28038321,"CP INF-PRI ""JOSE BERGAMIN""",COLEGIO DE EDUCACIÓN INFANTIL Y PRIMARIA,Público,COMUNIDAD DE MADRID,Madrid-Capital,"calle de braille 19, 28034, Madrid (Fuencarral-El Pardo).",917355560,917345042,http://www.educa.madrid.org/cp.josebergamin.madrid,cp.josebergamin.madrid@educa.madrid.org,Jornada continua
28071361,,,,,,,,,,,
28069820,,,,,,,,,,,
28020867,,,,,,,,,,,
28005741,,,,,,,,,,,
28038343,"CP INF-PRI ""MIRASIERRA""",COLEGIO DE EDUCACIÓN INFANTIL Y PRIMARIA,Público,COMUNIDAD DE MADRID,Madrid-Capital,"calle de la maso 22, 28034, Madrid (Fuencarral-El Pardo).",917345665,917350356,http://www.educa.madrid.org/cp.mirasierra.madrid,cp.mirasierra.madrid@educa.madrid.org,Jornada partida
28045104,,,,,,,,,,,
28029111,,,,,,,,,,,
28021321,"CP INF-PRI ""RABINDRANATH TAGORE""",COLEGIO DE EDUCACIÓN INFANTIL Y PRIMARIA,Público,COMUNIDAD DE MADRID,Madrid-Capital,"calle de julio palacios 35, 28029, Madrid (Fuencarral-El Pardo).",917332373,913232892,http://www.educa.madrid.org/cp.tagore.madrid,cp.tagore.madrid@educa.madrid.org,Jornada partida
28006184,"CP INF-PRI ""REPUBLICA DEL PARAGUAY""",COLEGIO DE EDUCACIÓN INFANTIL Y PRIMARIA,Público,COMUNIDAD DE MADRID,Madrid-Capital,"calle de manresa 60, 28034, Madrid (Fuencarral-El Pardo).",917343888,917351680,http://www.educa.madrid.org/cp.paraguay.madrid,cp.paraguay.madrid@educa.madrid.org,Jornada continua
28004941,,,,,,,,,,,
28021161,,,,,,,,,,,
28039116,,,,,,,,,,,
28042942,"CEPA ""FUENCARRAL""",CENTRO PÚBLICO DE EDUCACIÓN DE PERSONAS ADULTAS,Público,COMUNIDAD DE MADRID,Madrid-Capital,"calle de braille 10, 28034, Madrid (Fuencarral-El Pardo).",917364684,917340489,http://www.educa.madrid.org/cepa.fuencarral.madrid,cepa.fuencarral.madrid@educa.madrid.org,Sin tipo de jornada identificada
28033321,"CEPA ""JOSE LUIS SAMPEDRO""",CENTRO PÚBLICO DE EDUCACIÓN DE PERSONAS ADULTAS,Público,COMUNIDAD DE MADRID,Madrid-Capital,"calle de chantada 34, 28029, Madrid (Fuencarral-El Pardo).",913781949,917301887,http://www.educa.madrid.org/cepa.sampedro.madrid,cepa.sampedro.madrid@educa.madrid.org,Sin tipo de jornada identificada
28057994,"A. HOSP. ""AULA HOSPITALARIA LA PAZ""",AULA HOSPITALARIA,Público,COMUNIDAD DE MADRID,Madrid-Capital,"paseo de la castellana 261, 28046, Madrid (Fuencarral-El Pardo).",917277588,917277588,http://www.educa.madrid.org/ah.lapaz.madrid,ah.lapaz.madrid@educa.madrid.org,Sin tipo de jornada identificada
28058007,"A. HOSP. ""AULA HOSPITALARIA RAMON Y CAJAL""",AULA HOSPITALARIA,Público,COMUNIDAD DE MADRID,Madrid-Capital,"carretera de colmenar viejo 9,100, 28034, Madrid (Fuencarral-El Pardo).",917293907,917293907,http://www.educa.madrid.org/ah.ramonycajal.madrid,ah.ramonycajal.madrid@educa.madrid.org,Sin tipo de jornada identificada
28066065,"CREI ""SAGRADO CORAZON DE JESUS""",CENTRO REGIONAL DE ENSEÑANZAS INTEGRADAS,Público,COMUNIDAD DE MADRID,Madrid-Capital,"carretera de colmenar viejo , km. 13,500  28049, Madrid (Fuencarral-El Pardo).",914650640,914611395,http://www.educa.madrid.org/crei.scorazon.madrid,crei.scorazon.madrid@educa.madrid.org,Sin tipo de jornada identificada
28020855,,,,,,,,,,,
28022724,,,,,,,,,,,
28030186,"IES ""DAMASO ALONSO""",INSTITUTO DE EDUCACIÓN SECUNDARIA,Público,COMUNIDAD DE MADRID,Madrid-Capital,"calle de alfredo marquerie 21, 28034, Madrid (Fuencarral-El Pardo).",917388675,917390683,http://www.educa.madrid.org/ies.damasoalonso.madrid,ies.damasoalonso.madrid@educa.madrid.org,Jornada continua
28020119,"IES ""GREGORIO MARAÑON""",INSTITUTO DE EDUCACIÓN SECUNDARIA,Público,COMUNIDAD DE MADRID,Madrid-Capital,"avenida de el ferrol 43, 28029, Madrid (Fuencarral-El Pardo).",917310421,,http://www.educa.madrid.org/ies.gregoriomaranon.madrid,ies.gregoriomaranon.madrid@educa.madrid.org,Jornada continua
28048294,,,,,,,,,,,
28038823,,,,,,,,,,,
28077889,,,,,,,,,,,
28038355,,,,,,,,,,,
28047411,"IES ""PRINCIPE FELIPE""",INSTITUTO DE EDUCACIÓN SECUNDARIA,Público,COMUNIDAD DE MADRID,Madrid-Capital,"calle de finisterre 60, 28029, Madrid (Fuencarral-El Pardo).",913146312,913159895,http://www.educa.madrid.org/ies.principefelipe.madrid,ies.principefelipe.madrid@educa.madrid.org,Jornada continua
28019351,,,,,,,,,,,
28043429,,,,,,,,,,,
28047897,,,,,,,,,,,
28077865,,,,,,,,,,,
28072995,,,,,,,,,,,
28028854,,,,,,,,,,,
28021409,"CP INF-PRI ""ESPERANZA""",COLEGIO DE EDUCACIÓN INFANTIL Y PRIMARIA,Público,COMUNIDAD DE MADRID,Madrid-Capital,"calle de andorra 12, 28043, Madrid (Hortaleza).",913003012,913003012,http://www.educa.madrid.org/cp.esperanza.madrid,cp.esperanza.madrid@educa.madrid.org,Jornada continua
28021291,"CP INF-PRI ""FILOSOFO SENECA""",COLEGIO DE EDUCACIÓN INFANTIL Y PRIMARIA,Público,COMUNIDAD DE MADRID,Madrid-Capital,"calle de santa adela 21, 28033, Madrid (Hortaleza).",917638145,,http://www.educa.madrid.org/cp.seneca.madrid,cp.seneca.madrid@educa.madrid.org,Jornada continua
28037648,,,,,,,,,,,
28040106,,,,,,,,,,,
28020533,,,,,,,,,,,
28021367,,,,,,,,,,,
28005878,"CP INF-PRI ""MENDEZ NUNEZ""",COLEGIO DE EDUCACIÓN INFANTIL Y PRIMARIA,Público,COMUNIDAD DE MADRID,Madrid-Capital,"calle de alicun 9, 28033, Madrid (Hortaleza).",913024834,913024834,http://www.educa.madrid.org/cp.mendeznunez.madrid,cp.mendeznunez.madrid@educa.madrid.org,Jornada continua
28031351,,,,,,,,,,,
28006068,"CP INF-PRI ""PINAR DEL REY""",COLEGIO DE EDUCACIÓN INFANTIL Y PRIMARIA,Público,COMUNIDAD DE MADRID,Madrid-Capital,"avenida de san luis 23, 28033, Madrid (Hortaleza).",917664763,917680970,http://www.educa.madrid.org/cp.pinardelrey.madrid,cp.pinardelrey.madrid@educa.madrid.org,Jornada continua
28026067,"CP INF-PRI ""RAMON PEREZ DE AYALA""",COLEGIO DE EDUCACIÓN INFANTIL Y PRIMARIA,Público,COMUNIDAD DE MADRID,Madrid-Capital,"calle de motilla del palancar 19, 28043, Madrid (Hortaleza).",917592205,917599412,http://www.educa.madrid.org/cp.perezdeayala.madrid,cp.perezdeayala.madrid@educa.madrid.org,Jornada continua
28019567,"CP INF-PRI ""SAN MIGUEL""",COLEGIO DE EDUCACIÓN INFANTIL Y PRIMARIA,Público,COMUNIDAD DE MADRID,Madrid-Capital,"avenida de la virgen del carmen 32, 28033, Madrid (Hortaleza).",917639281,917639281,http://www.educa.madrid.org/cp.sanmiguel.madrid,cp.sanmiguel.madrid@educa.madrid.org,Jornada continua
28031075,"CP INF-PRI ""VIRGEN DEL CORTIJO""",COLEGIO DE EDUCACIÓN INFANTIL Y PRIMARIA,Público,COMUNIDAD DE MADRID,Madrid-Capital,"avenida de manoteras 41, 28050, Madrid (Hortaleza).",917661215,913844438,http://www.educa.madrid.org/cp.cortijo.madrid,cp.cortijo.madrid@educa.madrid.org,Jornada partida
28021151,"CP EE ""PRINCESA SOFIA""",COLEGIO DE EDUCACIÓN ESPECIAL,Público,AYUNTAMIENTO,Madrid-Capital,"carretera de canillas 51, 28043, Madrid (Hortaleza).",913883106,913881650,http://www.educa.madrid.org/cpee.princesasofia.madrid,cpee.princesasofia.madrid@educa.madrid.org,Jornada partida
28045347,"CEPA ""DULCE CHACON""",CENTRO PÚBLICO DE EDUCACIÓN DE PERSONAS ADULTAS,Público,COMUNIDAD DE MADRID,Madrid-Capital,"calle de la abertura 2, 28033, Madrid (Hortaleza).",913811272,917630931,http://www.educa.madrid.org/cepa.dulcechacon.madrid,cepa.dulcechacon.madrid@educa.madrid.org,Sin tipo de jornada identificada
28033311,"CEPA ""HORTALEZA-MAR AMARILLO""",CENTRO PÚBLICO DE EDUCACIÓN DE PERSONAS ADULTAS,Público,COMUNIDAD DE MADRID,Madrid-Capital,"calle del mar amarillo 21, 28033, Madrid (Hortaleza).",917637790,913820234,http://www.educa.madrid.org/cepa.maramarillo.madrid,cepa.maramarillo.madrid@educa.madrid.org,Sin tipo de jornada identificada
28043260,,,,,,,,,,,
28701032,,,,,,,,,,,
28030575,"IES ""ARTURO SORIA""",INSTITUTO DE EDUCACIÓN SECUNDARIA,Público,COMUNIDAD DE MADRID,Madrid-Capital,"calle de somontín 59, 28033, Madrid (Hortaleza).",913028445,917668081,http://www.educa.madrid.org/ies.arturosoria.madrid,ies.arturosoria.madrid@educa.madrid.org,Jornada continua
28020545,,,,,,,,,,,
28038367,,,,,,,,,,,
28039888,,,,,,,,,,,
28073859,,,,,,,,,,,
28030150,,,,,,,,,,,
28037028,,,,,,,,,,,
28063799,,,,,,,,,,,
28700532,,,,,,,,,,,
28043508,,,,,,,,,,,
28043570,,,,,,,,,,,
28043636,,,,,,,,,,,
28018393,"CP INF-PRI ""ALCALDE DE MOSTOLES""",COLEGIO DE EDUCACIÓN INFANTIL Y PRIMARIA,Público,COMUNIDAD DE MADRID,Madrid-Capital,"calle de aldeanueva de la vera 9, 28044, Madrid (Latina).",917055465,915095129,http://www.educa.madrid.org/cp.alcaldedemostoles.madrid,cp.alcaldedemostoles.madrid@educa.madrid.org,Jornada continua
28018401,,,,,,,,,,,
28005155,"CP INF-PRI ""BOLIVIA""",COLEGIO DE EDUCACIÓN INFANTIL Y PRIMARIA,Público,COMUNIDAD DE MADRID,Madrid-Capital,"calle de villavaliente 29, 28011, Madrid (Latina).",914649989,914649989,http://www.educa.madrid.org/cp.bolivia.madrid,cp.bolivia.madrid@educa.madrid.org,Jornada continua
28019439,"CP INF-PRI ""CIUDAD DE BADAJOZ""",COLEGIO DE EDUCACIÓN INFANTIL Y PRIMARIA,Público,COMUNIDAD DE MADRID,Madrid-Capital,"calle de fray josé cerdeiriña 51, 28024, Madrid (Latina).",917065611,917107103,http://www.educa.madrid.org/cp.ciudaddebadajoz.madrid,cp.ciudaddebadajoz.madrid@educa.madrid.org,Jornada partida
28010527,"CP INF-PRI ""COSTA RICA""",COLEGIO DE EDUCACIÓN INFANTIL Y PRIMARIA,Público,COMUNIDAD DE MADRID,Madrid-Capital,"calle de camarena 247, 28047, Madrid (Latina).",917171601,917174500,http://www.educa.madrid.org/cp.costarica.madrid,cp.costarica.madrid@educa.madrid.org,Jornada continua
28010539,"CP INF-PRI ""CUBA""",COLEGIO DE EDUCACIÓN INFANTIL Y PRIMARIA,Público,COMUNIDAD DE MADRID,Madrid-Capital,"calle de tembleque 58, 28024, Madrid (Latina).",915187564,915180170,http://www.educa.madrid.org/cp.cuba.madrid,cp.cuba.madrid@educa.madrid.org,Jornada continua
28010576,"CP INF-PRI ""ERMITA DEL SANTO""",COLEGIO DE EDUCACIÓN INFANTIL Y PRIMARIA,Público,COMUNIDAD DE MADRID,Madrid-Capital,"paseo de la ermita del santo 18, 28011, Madrid (Latina).",914642590,914642590,http://www.educa.madrid.org/cp.ermitadelsanto.madrid,cp.ermitadelsanto.madrid@educa.madrid.org,Jornada partida
28019397,,,,,,,,,,,
28010680,"CP INF-PRI ""FRANCISCO DE GOYA""",COLEGIO DE EDUCACIÓN INFANTIL Y PRIMARIA,Público,COMUNIDAD DE MADRID,Madrid-Capital,"calle de antillón 23, 28011, Madrid (Latina).",914637472,914633270,http://www.educa.madrid.org/cp.goya.madrid,cp.goya.madrid@educa.madrid.org,Jornada continua
28005441,,,,,,,,,,,
28005489,"CP INF-PRI ""HERMANOS PINZON""",COLEGIO DE EDUCACIÓN INFANTIL Y PRIMARIA,Público,COMUNIDAD DE MADRID,Madrid-Capital,"calle del azor 4, 28024, Madrid (Latina).",915186040,915186040,http://www.educa.madrid.org/cp.hermanospinzon.madrid,cp.hermanospinzon.madrid@educa.madrid.org,Jornada continua
28005490,"CP INF-PRI ""HERNAN CORTES""",COLEGIO DE EDUCACIÓN INFANTIL Y PRIMARIA,Público,COMUNIDAD DE MADRID,Madrid-Capital,"calle de los yébenes 241, 28047, Madrid (Latina).",917176844,917180472,http://www.educa.madrid.org/cp.hernancortes.madrid,cp.hernancortes.madrid@educa.madrid.org,Jornada continua
28005635,"CP INF-PRI ""JOAQUIN DICENTA""",COLEGIO DE EDUCACIÓN INFANTIL Y PRIMARIA,Público,COMUNIDAD DE MADRID,Madrid-Capital,"paseo olivos 70, 28011, Madrid (Latina).",914632093,917550696,http://www.educa.madrid.org/cp.joaquindicenta.madrid,cp.joaquindicenta.madrid@educa.madrid.org,Jornada continua
28005684,"CP INF-PRI ""JOVELLANOS""",COLEGIO DE EDUCACIÓN INFANTIL Y PRIMARIA,Público,COMUNIDAD DE MADRID,Madrid-Capital,"calle de monroy 34, 28044, Madrid (Latina).",917055018,915095089,http://www.educa.madrid.org/cp.jovellanos.madrid,cp.jovellanos.madrid@educa.madrid.org,Jornada continua
28037375,,,,,,,,,,,
28031099,"CP INF-PRI ""LA LATINA""",COLEGIO DE EDUCACIÓN INFANTIL Y PRIMARIA,Público,COMUNIDAD DE MADRID,Madrid-Capital,"calle de maqueda 130, 28024, Madrid (Latina).",915099915,917196252,http://www.educa.madrid.org/cp.lalatina.madrid,cp.lalatina.madrid@educa.madrid.org,Jornada partida
28010795,,,,,,,,,,,
28020740,"CP INF-PRI ""NUESTRA SEÑORA DEL LUCERO""",COLEGIO DE EDUCACIÓN INFANTIL Y PRIMARIA,Público,COMUNIDAD DE MADRID,Madrid-Capital,"calle de muñico 1, 28047, Madrid (Latina).",914647678,914647678,http://www.educa.madrid.org/cp.lucero.madrid,cp.lucero.madrid@educa.madrid.org,Jornada continua
28006044,"CP INF-PRI ""PARQUE ALUCHE""",COLEGIO DE EDUCACIÓN INFANTIL Y PRIMARIA,Público,COMUNIDAD DE MADRID,Madrid-Capital,"calle de quero 47, 28024, Madrid (Latina).",917178190,917178050,http://www.educa.madrid.org/cp.parquealuche.madrid,cp.parquealuche.madrid@educa.madrid.org,Jornada partida
28006196,"CP INF-PRI ""REPUBLICA DEL URUGUAY""",COLEGIO DE EDUCACIÓN INFANTIL Y PRIMARIA,Público,COMUNIDAD DE MADRID,Madrid-Capital,"avenida de nuestra señora de valvanera 120, 28047, Madrid (Latina).",914661360,914613919,http://www.educa.madrid.org/cp.uruguay.madrid,cp.uruguay.madrid@educa.madrid.org,Jornada continua
28005428,,,,,,,,,,,
28030125,,,,,,,,,,,
28045268,,,,,,,,,,,
28056023,"UFIL ""CID CAMPEADOR""",UNIDAD DE FORMACIÓN E INSERCIÓN LABORAL,Público,COMUNIDAD DE MADRID,Madrid-Capital,"calle de anselmo lorenzo 12, 28044, Madrid (Latina).",915092320,915092320,http://www.educa.madrid.org/ufil.cidcampeador.madrid,ufil.cidcampeador.madrid@educa.madrid.org,Jornada continua
28030927,"IES ""BLAS DE OTERO""",INSTITUTO DE EDUCACIÓN SECUNDARIA,Público,COMUNIDAD DE MADRID,Madrid-Capital,"calle de maqueda 130, 28024, Madrid (Latina).",917191511,917176845,http://www.educa.madrid.org/ies.blasdeotero.madrid,ies.blasdeotero.madrid@educa.madrid.org,Jornada continua
28020739,,,,,,,,,,,
28021550,,,,,,,,,,,
28040741,"IES ""ITURRALDE""",INSTITUTO DE EDUCACIÓN SECUNDARIA,Público,COMUNIDAD DE MADRID,Madrid-Capital,"calle de nuestra señora de la luz 53, 28047, Madrid (Latina).",914626822,914627744,http://www.educa.madrid.org/ies.iturralde.madrid,ies.iturralde.madrid@educa.madrid.org,Jornada continua
28031002,,,,,,,,,,,
28038801,"IES ""MARIA DE MOLINA""",INSTITUTO DE EDUCACIÓN SECUNDARIA,Público,COMUNIDAD DE MADRID,Madrid-Capital,"calle de mirabel 22, 28044, Madrid (Latina).",917054656,917054611,http://www.educa.madrid.org/ies.mariademolina.madrid,ies.mariademolina.madrid@educa.madrid.org,Jornada continua
28028431,,,,,,,,,,,
28020727,"IES ""PARQUE ALUCHE""",INSTITUTO DE EDUCACIÓN SECUNDARIA,Público,COMUNIDAD DE MADRID,Madrid-Capital,"calle de maqueda 86, 28024, Madrid (Latina).",917182610,917182498,http://www.educa.madrid.org/ies.parquealuche.madrid,ies.parquealuche.madrid@educa.madrid.org,Jornada continua
28700544,,,,,,,,,,,
28021446,"CP INF-PRI ""DANIEL VAZQUEZ DIAZ""",COLEGIO DE EDUCACIÓN INFANTIL Y PRIMARIA,Público,COMUNIDAD DE MADRID,Madrid-Capital,"calle de armenteros 46, 28039, Madrid (Moncloa-Aravaca).",914505842,913117764,http://www.educa.madrid.org/cp.vazquezdiaz.madrid,cp.vazquezdiaz.madrid@educa.madrid.org,Jornada continua
28039360,,,,,,,,,,,
28005167,"CP INF-PRI ""ESCUELAS BOSQUE""",COLEGIO DE EDUCACIÓN INFANTIL Y PRIMARIA,Público,COMUNIDAD DE MADRID,Madrid-Capital,"avenida de santo ángel de la guarda 4, 28039, Madrid (Moncloa-Aravaca).",914505060,,http://www.educa.madrid.org/cp.escuelasbosque.madrid,cp.escuelasbosque.madrid@educa.madrid.org,Jornada partida
28032791,"CP INF-PRI ""EUGENIO MARIA DE HOSTOS""",COLEGIO DE EDUCACIÓN INFANTIL Y PRIMARIA,Público,COMUNIDAD DE MADRID,Madrid-Capital,"calle de valdevarnés 26, 28039, Madrid (Moncloa-Aravaca).",913736366,,http://www.educa.madrid.org/cp.eugeniomariadeh.madrid,cp.eugeniomariadeh.madrid@educa.madrid.org,Jornada partida
28010606,,,,,,,,,,,
28010771,"CP INF-PRI ""LEPANTO""",COLEGIO DE EDUCACIÓN INFANTIL Y PRIMARIA,Público,COMUNIDAD DE MADRID,Madrid-Capital,"calle de valderrey 9, 28035, Madrid (Moncloa-Aravaca).",913160937,913738204,http://www.educa.madrid.org/cp.lepanto.madrid,cp.lepanto.madrid@educa.madrid.org,Jornada partida
28010357,"CP INF-PRI ""PORTUGAL""",COLEGIO DE EDUCACIÓN INFANTIL Y PRIMARIA,Público,COMUNIDAD DE MADRID,Madrid-Capital,"calle de juan álvarez mendizábal 20, 28008, Madrid (Moncloa-Aravaca).",915417330,915417330,http://www.educa.madrid.org/cp.portugal.madrid,cp.portugal.madrid@educa.madrid.org,Jornada partida
28041767,"CP INF-PRI ""ROSA LUXEMBURGO""",COLEGIO DE EDUCACIÓN INFANTIL Y PRIMARIA,Público,COMUNIDAD DE MADRID,Madrid-Capital,"calle del bardegueral 16, 28023, Madrid (Moncloa-Aravaca).",913570212,913570661,http://www.educa.madrid.org/cp.rosaluxemburgo.madrid,cp.rosaluxemburgo.madrid@educa.madrid.org,Jornada partida
28045657,"CEPA ""MONCLOA""",CENTRO PÚBLICO DE EDUCACIÓN DE PERSONAS ADULTAS,Público,COMUNIDAD DE MADRID,Madrid-Capital,"calle de juan álvarez mendizábal 20, 28008, Madrid (Moncloa-Aravaca).",915597397,915597397,http://www.educa.madrid.org/cepa.moncloa.madrid,cepa.moncloa.madrid@educa.madrid.org,Sin tipo de jornada identificada
28018371,,,,,,,,,,,
28030149,"IES ""CIUDAD DE LOS POETAS""",INSTITUTO DE EDUCACIÓN SECUNDARIA,Público,COMUNIDAD DE MADRID,Madrid-Capital,"calle de valdesangil 25, 28039, Madrid (Moncloa-Aravaca).",913736900,913168855,http://www.educa.madrid.org/ies.ciudaddelospoetas.madrid,ies.ciudaddelospoetas.madrid@educa.madrid.org,Jornada continua
28019312,"IES ""EL LAGO""",INSTITUTO DE EDUCACIÓN SECUNDARIA,Público,COMUNIDAD DE MADRID,Madrid-Capital,"paseo de la puerta del ángel s/n, 28011, Madrid (Moncloa-Aravaca).",914796851,912749935,http://www.educa.madrid.org/ies.ellago.madrid,ies.ellago.madrid@educa.madrid.org,Jornada continua
28031555,"IES ""ESCUELA SUPERIOR DE HOSTELERIA Y TURISMO""",INSTITUTO DE EDUCACIÓN SECUNDARIA,Público,COMUNIDAD DE MADRID,Madrid-Capital,"paseo de la puerta del ángel (ferial casa de campo) 5, 28011, Madrid (Moncloa-Aravaca).",914631100,914631251,http://www.educa.madrid.org/ies.hosteleria.madrid,ies.hosteleria.madrid@educa.madrid.org,Jornada continua
28018381,"IES ""ORTEGA Y GASSET""",INSTITUTO DE EDUCACIÓN SECUNDARIA,Público,COMUNIDAD DE MADRID,Madrid-Capital,"calle santa fe 4, 28008, Madrid (Moncloa-Aravaca).",915476635,915413941,http://www.educa.madrid.org/ies.ortegaygasset.madrid,ies.ortegaygasset.madrid@educa.madrid.org,Jornada continua
28020341,,,,,,,,,,,
28046376,"CP IFP ""ESCUELA DE LA VID""",CENTRO PÚBLICO INTEGRADO DE FORMACIÓN PROFESIONAL,Público,COMUNIDAD DE MADRID,Madrid-Capital,"travesia del vino  28011, Madrid (Moncloa-Aravaca).",914633100,915264642,http://www.educa.madrid.org/ies.vid.madrid,ies.vid.madrid@educa.madrid.org,Jornada continua
28700192,,,,,,,,,,,
28062631,,,,,,,,,,,
28010503,,,,,,,,,,,
28026006,"CP INF-PRI ""FONTARRON""",COLEGIO DE EDUCACIÓN INFANTIL Y PRIMARIA,Público,COMUNIDAD DE MADRID,Madrid-Capital,"calle del arroyo fontarrón 24, 28030, Madrid (Moratalaz).",917720378,913050045,http://www.educa.madrid.org/cp.fontarron.madrid,cp.fontarron.madrid@educa.madrid.org,Jornada continua
28010643,"CP INF-PRI ""FRANCISCO DE LUIS""",COLEGIO DE EDUCACIÓN INFANTIL Y PRIMARIA,Público,COMUNIDAD DE MADRID,Madrid-Capital,"calle del corregidor rodrigo rodríguez 5, 28030, Madrid (Moratalaz).",914394600,913284275,http://www.educa.madrid.org/cp.franciscodeluis.madrid,cp.franciscodeluis.madrid@educa.madrid.org,Jornada continua
28010801,"CP INF-PRI ""MANUEL SAINZ DE VICUÑA""",COLEGIO DE EDUCACIÓN INFANTIL Y PRIMARIA,Público,COMUNIDAD DE MADRID,Madrid-Capital,"calle del camino de los vinateros 104, 28030, Madrid (Moratalaz).",914391349,913285625,http://www.educa.madrid.org/cp.sainzdevicuna.madrid,cp.sainzdevicuna.madrid@educa.madrid.org,Jornada partida
28018496,"CP INF-PRI ""MARTINEZ MONTAÑES""",COLEGIO DE EDUCACIÓN INFANTIL Y PRIMARIA,Público,COMUNIDAD DE MADRID,Madrid-Capital,"calle de hacienda de pavones 223, 28030, Madrid (Moratalaz).",917738878,917738878,http://www.educa.madrid.org/cp.martinezmontanes.madrid,cp.martinezmontanes.madrid@educa.madrid.org,Jornada continua
28005891,,,,,,,,,,,
28028416,,,,,,,,,,,
28021434,,,,,,,,,,,
28010953,,,,,,,,,,,
28006135,"CP INF-PRI ""REGIMIENTO INMEMORIAL DEL REY""",COLEGIO DE EDUCACIÓN INFANTIL Y PRIMARIA,Público,COMUNIDAD DE MADRID,Madrid-Capital,"avenida de moratalaz 51, 28030, Madrid (Moratalaz).",914390948,913282535,http://www.educa.madrid.org/cp.regimiento.madrid,cp.regimiento.madrid@educa.madrid.org,Jornada partida
28030113,"CEPA ""CULTURAL MORATALAZ""",CENTRO PÚBLICO DE EDUCACIÓN DE PERSONAS ADULTAS,Público,COMUNIDAD DE MADRID,Madrid-Capital,"calle del corregidor alonso de tobar 7, 28030, Madrid (Moratalaz).",914370219,914378411,http://www.educa.madrid.org/cepa.moratalaz.madrid,cepa.moratalaz.madrid@educa.madrid.org,Sin tipo de jornada identificada
28056059,,,,,,,,,,,
28018484,"IES ""CARLOS MARIA RODRIGUEZ DE VALCARCEL""",INSTITUTO DE EDUCACIÓN SECUNDARIA,Público,COMUNIDAD DE MADRID,Madrid-Capital,"plaza del encuentro 4, 28030, Madrid (Moratalaz).",914393570,914393014,http://www.educa.madrid.org/ies.rodriguezdevalcarcel.madrid,ies.rodriguezdevalcarcel.madrid@educa.madrid.org,Jornada continua
28025828,"IES ""FELIPE II""",INSTITUTO DE EDUCACIÓN SECUNDARIA,Público,COMUNIDAD DE MADRID,Madrid-Capital,"calle de valdebernardo 1, 28030, Madrid (Moratalaz).",917731854,913713016,http://www.educa.madrid.org/ies.felipesegundo.madrid,ies.felipesegundo.madrid@educa.madrid.org,Jornada continua
28041433,,,,,,,,,,,
28030952,"IES ""MARIANA PINEDA""",INSTITUTO DE EDUCACIÓN SECUNDARIA,Público,COMUNIDAD DE MADRID,Madrid-Capital,"calle del alcalde garrido juaristi 8, 28030, Madrid (Moratalaz).",914302111,911911202,http://www.educa.madrid.org/ies.marianapineda.madrid,ies.marianapineda.madrid@educa.madrid.org,Jornada continua
28031014,,,,,,,,,,,
28020624,,,,,,,,,,,
28700581,,,,,,,,,,,
28043417,"EEI ""ALFAR""",ESCUELA INFANTIL,Público,COMUNIDAD DE MADRID,Madrid-Capital,"calle de gerardo diego 9-B, 28018, Madrid (Puente de Vallecas).",917773745,917773745,http://www.educa.madrid.org/eei.alfar.madrid,eei.alfar.madrid@educa.madrid.org,Jornada continua
28043569,"EEI ""EL MADROÑAL""",ESCUELA INFANTIL,Público,COMUNIDAD DE MADRID,Madrid-Capital,"calle de josé paulete 34, 28038, Madrid (Puente de Vallecas).",917787607,917787607,http://www.educa.madrid.org/eei.elmadronal.madrid,eei.elmadronal.madrid@educa.madrid.org,Jornada continua
28043511,,,,,,,,,,,
28043545,"EEI ""LOS GIRASOLES""",ESCUELA INFANTIL,Público,COMUNIDAD DE MADRID,Madrid-Capital,"calle de ramón pérez de ayala 58 B, 28038, Madrid (Puente de Vallecas).",914374020,,http://www.educa2.madrid.org/web/centro.eei.losgirasoles.madrid,eei.losgirasoles.madrid@educa.madrid.org,Jornada continua
28047678,"EEI ""RETAMAR""",ESCUELA INFANTIL,Público,COMUNIDAD DE MADRID,Madrid-Capital,"calle de felipe de diego 8, 28018, Madrid (Puente de Vallecas).",915070138,915070138,http://www.educa.madrid.org/eei.retamar.madrid,eei.retamar.madrid@educa.madrid.org,Jornada continua
28043727,,,,,,,,,,,
28004989,"CP INF-PRI ""AGUSTINA DIEZ""",COLEGIO DE EDUCACIÓN INFANTIL Y PRIMARIA,Público,COMUNIDAD DE MADRID,Madrid-Capital,"calle del vesubio 5, 28038, Madrid (Puente de Vallecas).",917770073,,http://www.educa.madrid.org/cp.agustinadiez.madrid,cp.agustinadiez.madrid@educa.madrid.org,Jornada continua
28005854,,,,,,,,,,,
28033941,"CP INF-PRI ""ARAGON""",COLEGIO DE EDUCACIÓN INFANTIL Y PRIMARIA,Público,COMUNIDAD DE MADRID,Madrid-Capital,"avenida de rafael alberti 2, 28038, Madrid (Puente de Vallecas).",913039852,913806367,http://www.educa.madrid.org/cp.aragon.madrid,cp.aragon.madrid@educa.madrid.org,Jornada continua
28035524,"CP INF-PRI ""ASTURIAS""",COLEGIO DE EDUCACIÓN INFANTIL Y PRIMARIA,Público,COMUNIDAD DE MADRID,Madrid-Capital,"calle de los asturianos 2, 28018, Madrid (Puente de Vallecas).",917770635,917850680,http://www.educa.madrid.org/cp.asturias.madrid,cp.asturias.madrid@educa.madrid.org,Jornada continua
28020661,"CP INF-PRI ""CARLOS SAINZ DE LOS TERREROS""",COLEGIO DE EDUCACIÓN INFANTIL Y PRIMARIA,Público,COMUNIDAD DE MADRID,Madrid-Capital,"calle de cartama 1, 28018, Madrid (Puente de Vallecas).",917783885,917774420,http://www.educa.madrid.org/cp.carlossainz.madrid,cp.carlossainz.madrid@educa.madrid.org,Jornada continua
28021318,"CP INF-PRI ""CONCHA ESPINA""",COLEGIO DE EDUCACIÓN INFANTIL Y PRIMARIA,Público,COMUNIDAD DE MADRID,Madrid-Capital,"calle de gerardo diego 6, 28018, Madrid (Puente de Vallecas).",917781461,917772584,http://www.educa.madrid.org/cp.conchaespina.madrid,cp.conchaespina.madrid@educa.madrid.org,Jornada continua
28018459,"CP INF-PRI ""DOCTOR TOLOSA LATOUR""",COLEGIO DE EDUCACIÓN INFANTIL Y PRIMARIA,Público,COMUNIDAD DE MADRID,Madrid-Capital,"calle de los asturianos 4, 28018, Madrid (Puente de Vallecas).",917784794,917777679,http://www.educa.madrid.org/cp.tolosalatour.madrid,cp.tolosalatour.madrid@educa.madrid.org,Jornada partida
28005933,"CP INF-PRI ""EDUARDO ROJO""",COLEGIO DE EDUCACIÓN INFANTIL Y PRIMARIA,Público,COMUNIDAD DE MADRID,Madrid-Capital,"calle de eduardo rojo 2, 28018, Madrid (Puente de Vallecas).",914774560,914784525,http://www.educa.madrid.org/cp.eduardorojo.madrid,cp.eduardorojo.madrid@educa.madrid.org,Jornada continua
28038331,"CP INF-PRI ""EL MADROÑO""",COLEGIO DE EDUCACIÓN INFANTIL Y PRIMARIA,Público,COMUNIDAD DE MADRID,Madrid-Capital,"calle de las las marismas 14, 28038, Madrid (Puente de Vallecas).",915014668,,http://www.educa.madrid.org/cp.elmadrono.madrid,cp.elmadrono.madrid@educa.madrid.org,Jornada continua
28005386,"CP INF-PRI ""FRANCISCO RUANO""",COLEGIO DE EDUCACIÓN INFANTIL Y PRIMARIA,Público,COMUNIDAD DE MADRID,Madrid-Capital,"calle de almuradiel 150, 28053, Madrid (Puente de Vallecas).",917862196,917862196,http://www.educa.madrid.org/cp.franciscoruano.madrid,cp.franciscoruano.madrid@educa.madrid.org,Jornada continua
28005404,"CP INF-PRI ""FRAY JUNIPERO SERRA""",COLEGIO DE EDUCACIÓN INFANTIL Y PRIMARIA,Público,COMUNIDAD DE MADRID,Madrid-Capital,"camino de valderribas 120, 28038, Madrid (Puente de Vallecas).",914304882,914376926,http://www.educa.madrid.org/cp.frayjunipero.madrid,cp.frayjunipero.madrid@educa.madrid.org,Jornada continua
28010655,,,,,,,,,,,
28026547,,,,,,,,,,,
28005601,"CP INF-PRI ""JAIME BALMES""",COLEGIO DE EDUCACIÓN INFANTIL Y PRIMARIA,Público,COMUNIDAD DE MADRID,Madrid-Capital,"calle de sierra de la solana 2, 28053, Madrid (Puente de Vallecas).",914785884,914771646,http://www.educa.madrid.org/cp.jaimebalmes.madrid,cp.jaimebalmes.madrid@educa.madrid.org,Jornada continua
28005623,"CP INF-PRI ""JAVIER DE MIGUEL""",COLEGIO DE EDUCACIÓN INFANTIL Y PRIMARIA,Público,COMUNIDAD DE MADRID,Madrid-Capital,"calle del puerto de viñamala 11, 28018, Madrid (Puente de Vallecas).",913035102,913805770,http://www.educa.madrid.org/cp.javierdemiguel.madrid,cp.javierdemiguel.madrid@educa.madrid.org,Jornada partida
28005660,"CP INF-PRI ""JOSE MARIA DE PEREDA""",COLEGIO DE EDUCACIÓN INFANTIL Y PRIMARIA,Público,COMUNIDAD DE MADRID,Madrid-Capital,"calle de mestanza 94, 28053, Madrid (Puente de Vallecas).",915072651,917861787,http://www.educa.madrid.org/cp.pereda.madrid,cp.pereda.madrid@educa.madrid.org,Jornada continua
28033931,,,,,,,,,,,
28045086,"CP INF-PRI ""MADRID-SUR""",COLEGIO DE EDUCACIÓN INFANTIL Y PRIMARIA,Público,COMUNIDAD DE MADRID,Madrid-Capital,"calle del puerto de balbarán 133, 28018, Madrid (Puente de Vallecas).",917855539,917855539,http://www.educa.madrid.org/cp.madrid-sur.madrid,cp.madrid-sur.madrid@educa.madrid.org,Jornada continua
28010862,,,,,,,,,,,
28005908,,,,,,,,,,,
28006007,"CP INF-PRI ""PADRE MARIANA""",COLEGIO DE EDUCACIÓN INFANTIL Y PRIMARIA,Público,COMUNIDAD DE MADRID,Madrid-Capital,"ronda sur 145, 28053, Madrid (Puente de Vallecas).",917861773,917861773,http://www.educa.madrid.org/cp.padremariana.madrid,cp.padremariana.madrid@educa.madrid.org,Jornada continua
28029238,,,,,,,,,,,
28006366,"CP INF-PRI ""SAN PABLO""",COLEGIO DE EDUCACIÓN INFANTIL Y PRIMARIA,Público,COMUNIDAD DE MADRID,Madrid-Capital,"plaza de peña morraz 1, 28038, Madrid (Puente de Vallecas).",913031550,913031550,http://www.educa.madrid.org/cp.sanpablo.madrid,cp.sanpablo.madrid@educa.madrid.org,Jornada continua
28006391,,,,,,,,,,,
28025981,,,,,,,,,,,
28042954,,,,,,,,,,,
28033333,"CEPA ""LA ALBUFERA""",CENTRO PÚBLICO DE EDUCACIÓN DE PERSONAS ADULTAS,Público,COMUNIDAD DE MADRID,Madrid-Capital,"calle de nuestra señora del perpetuo socorro 23, 28053, Madrid (Puente de Vallecas).",914789325,914785525,http://www.educa.madrid.org/cepa.laalbufera.madrid,cepa.laalbufera.madrid@educa.madrid.org,Sin tipo de jornada identificada
28056035,"UFIL ""TIERRUCA""",UNIDAD DE FORMACIÓN E INSERCIÓN LABORAL,Público,COMUNIDAD DE MADRID,Madrid-Capital,"calle de la tierruca 13, 28018, Madrid (Puente de Vallecas).",913030491,913030491,http://www.educa.madrid.org/ufil.tierruca.madrid,ufil.tierruca.madrid@educa.madrid.org,Jornada continua
28037031,"IES ""ANTONIO DOMINGUEZ ORTIZ""",INSTITUTO DE EDUCACIÓN SECUNDARIA,Público,COMUNIDAD DE MADRID,Madrid-Capital,"calle de los andaluces 36, 28038, Madrid (Puente de Vallecas).",913033235,913808187,http://www.educa.madrid.org/ies.antoniodomingue.madrid,ies.antoniodomingue.madrid@educa.madrid.org,Jornada continua
28018460,"IES ""ARCIPRESTE DE HITA""",INSTITUTO DE EDUCACIÓN SECUNDARIA,Público,COMUNIDAD DE MADRID,Madrid-Capital,"ronda sur 6, 28053, Madrid (Puente de Vallecas).",917858510,915073457,http://www.educa.madrid.org/ies.arciprestedehita.madrid,ies.arciprestedehita.madrid@educa.madrid.org,Jornada continua
28045840,"IES ""MADRID-SUR""",INSTITUTO DE EDUCACIÓN SECUNDARIA,Público,COMUNIDAD DE MADRID,Madrid-Capital,"avenida del parque de palomeras bajas s/n, 28018, Madrid (Puente de Vallecas).",917850181,917860146,http://www.educa.madrid.org/ies.madridsur.madrid,ies.madridsur.madrid@educa.madrid.org,Jornada continua
28058603,"IES ""NUMANCIA""",INSTITUTO DE EDUCACIÓN SECUNDARIA,Público,COMUNIDAD DE MADRID,Madrid-Capital,"calle de las marismas 14, 28038, Madrid (Puente de Vallecas).",915015001,915014989,http://www.educa.madrid.org/ies.numancia.madrid,ies.numancia.madrid@educa.madrid.org,Jornada continua
28021549,,,,,,,,,,,
28019464,"IES ""TIRSO DE MOLINA""",INSTITUTO DE EDUCACIÓN SECUNDARIA,Público,COMUNIDAD DE MADRID,Madrid-Capital,"avenida de la albufera 144, 28038, Madrid (Puente de Vallecas).",913033173,913801252,http://www.educa.madrid.org/ies.tirsodemolina.madrid,ies.tirsodemolina.madrid@educa.madrid.org,Jornada continua
28020648,"IES ""VALLECAS I""",INSTITUTO DE EDUCACIÓN SECUNDARIA,Público,COMUNIDAD DE MADRID,Madrid-Capital,"avenida de la albufera 78, 28038, Madrid (Puente de Vallecas).",914773809,914770873,http://www.educa.madrid.org/ies.vallecasuno.madrid,ies.vallecasuno.madrid@educa.madrid.org,Jornada continua
28030964,,,,,,,,,,,
28031087,"CP INF-PRI ""CIUDAD DE ROMA""",COLEGIO DE EDUCACIÓN INFANTIL Y PRIMARIA,Público,COMUNIDAD DE MADRID,Madrid-Capital,"calle de juan esplandiu 2, 28007, Madrid (Retiro).",915743897,915041695,http://www.educa.madrid.org/cp.ciudadderoma.madrid,cp.ciudadderoma.madrid@educa.madrid.org,Jornada partida
28004965,,,,,,,,,,,
28005374,"CP INF-PRI ""FRANCISCO DE QUEVEDO""",COLEGIO DE EDUCACIÓN INFANTIL Y PRIMARIA,Público,COMUNIDAD DE MADRID,Madrid-Capital,"calle de granada 16, 28007, Madrid (Retiro).",915515211,914333827,http://www.educa.madrid.org/cp.quevedo.madrid,cp.quevedo.madrid@educa.madrid.org,Jornada continua
28010746,"CP INF-PRI ""JOSE CALVO SOTELO""",COLEGIO DE EDUCACIÓN INFANTIL Y PRIMARIA,Público,COMUNIDAD DE MADRID,Madrid-Capital,"avenida de la ciudad de barcelona 83, 28007, Madrid (Retiro).",914337125,914336781,http://www.educa.madrid.org/cp.calvosotelo.madrid,cp.calvosotelo.madrid@educa.madrid.org,Jornada partida
28010886,,,,,,,,,,,
28006329,,,,,,,,,,,
28005520,"A. HOSP. ""HOSPITAL DEL NIÑO JESUS""",AULA HOSPITALARIA,Público,COMUNIDAD DE MADRID,Madrid-Capital,"avenida de menéndez pelayo 65, 28009, Madrid (Retiro).",914094607,915044473,http://www.educa.madrid.org/cpee.hospitalninojesus.madrid,cpee.hospitalninojesus.madrid@educa.madrid.org,Jornada partida
28038550,"A. HOSP. ""HOSPITAL GREGORIO MARAÑON""",AULA HOSPITALARIA,Público,COMUNIDAD DE MADRID,Madrid-Capital,"calle de o'donnell 50, 28009, Madrid (Retiro).",915290334,915290334,http://www.educa.madrid.org/cpee.hospitalmaranon.madrid,cpee.hospitalmaranon.madrid@educa.madrid.org,Jornada partida
28020909,"IES ""ISABEL LA CATOLICA""",INSTITUTO DE EDUCACIÓN SECUNDARIA,Público,COMUNIDAD DE MADRID,Madrid-Capital,"calle de alfonso xii 3, 28014, Madrid (Retiro).",915277878,915302294,http://www.educa.madrid.org/ies.isabellacatolica.madrid,ies.isabellacatolica.madrid@educa.madrid.org,Jornada continua
28028453,,,,,,,,,,,
28021252,,,,,,,,,,,
28700295,,,,,,,,,,,
28010412,"CP INF-PRI ""AMADOR DE LOS RIOS""",COLEGIO DE EDUCACIÓN INFANTIL Y PRIMARIA,Público,COMUNIDAD DE MADRID,Madrid-Capital,"paseo del marqués de zafra 16, 28028, Madrid (Salamanca).",917252610,917261891,http://www.educa.madrid.org/cp.amadordelosrios.madrid,cp.amadordelosrios.madrid@educa.madrid.org,Jornada partida
28049365,,,,,,,,,,,
28005431,"CP INF-PRI ""REINA VICTORIA""",COLEGIO DE EDUCACIÓN INFANTIL Y PRIMARIA,Público,COMUNIDAD DE MADRID,Madrid-Capital,"calle del príncipe de vergara 61, 28006, Madrid (Salamanca).",915631283,914113067,http://www.educa.madrid.org/cp.reinavictoria.madrid,cp.reinavictoria.madrid@educa.madrid.org,Jornada partida
28046479,"CEPA ""JOAQUIN SOROLLA""",CENTRO PÚBLICO DE EDUCACIÓN DE PERSONAS ADULTAS,Público,COMUNIDAD DE MADRID,Madrid-Capital,"calle de alonso heredia 16, 28028, Madrid (Salamanca).",917261664,917256032,http://www.educa.madrid.org/cepa.joaquinsorolla.madrid,cepa.joaquinsorolla.madrid@educa.madrid.org,Sin tipo de jornada identificada
28028428,"IES ""AVENIDA DE LOS TOREROS""",INSTITUTO DE EDUCACIÓN SECUNDARIA,Público,COMUNIDAD DE MADRID,Madrid-Capital,"avenida de los toreros 57, 28028, Madrid (Salamanca).",913552326,913561205,http://www.educa.madrid.org/ies.avenidadelostor.madrid,ies.avenidadelostor.madrid@educa.madrid.org,Jornada continua
28043582,,,,,,,,,,,
28004990,,,,,,,,,,,
28066302,"CP INF-PRI ""ALVARO DE BAZAN""",COLEGIO DE EDUCACIÓN INFANTIL Y PRIMARIA,Público,COMUNIDAD DE MADRID,Madrid-Capital,"calle de zurich 10, 28022, Madrid (San Blas-Canillejas).",917757114,913067517,http://www.educa.madrid.org/cp.alvarodebazan.madrid/,cp.alvarodebazan.madrid@educa.madrid.org,Jornada partida
28010473,"CP INF-PRI ""CARMEN CABEZUELO""",COLEGIO DE EDUCACIÓN INFANTIL Y PRIMARIA,Público,COMUNIDAD DE MADRID,Madrid-Capital,"calle de cangas de onís 7, 28037, Madrid (San Blas-Canillejas).",913040117,913049991,http://www.educa.madrid.org/cp.carmencabezuelo.madrid,cp.carmencabezuelo.madrid@educa.madrid.org,Jornada continua
28005246,"CP INF-PRI ""CIUDAD PEGASO""",COLEGIO DE EDUCACIÓN INFANTIL Y PRIMARIA,Público,COMUNIDAD DE MADRID,Madrid-Capital,"avenida séptima 12, 28022, Madrid (San Blas-Canillejas).",917412017,917436218,http://www.educa.madrid.org/cp.ciudadpegaso.madrid,cp.ciudadpegaso.madrid@educa.madrid.org,Jornada partida
28057015,,,,,,,,,,,
28063805,"CP INF-PRI ""JULIAN MARIAS""",COLEGIO DE EDUCACIÓN INFANTIL Y PRIMARIA,Público,COMUNIDAD DE MADRID,Madrid-Capital,"calle de budapest 11, 28022, Madrid (San Blas-Canillejas).",917609323,,http://www.educa.madrid.org/cp.julianmarias.madrid,cp.julianmarias.madrid@educa.madrid.org,Jornada partida
28006411,"CP INF-PRI ""LA ALAMEDA""",COLEGIO DE EDUCACIÓN INFANTIL Y PRIMARIA,Público,COMUNIDAD DE MADRID,Madrid-Capital,"calle de las musas 9, 28022, Madrid (San Blas-Canillejas).",917411453,,http://www.educa.madrid.org/cp.laalameda.madrid,cp.laalameda.madrid@educa.madrid.org,Jornada continua
28049377,,,,,,,,,,,
28031348,"CP INF-PRI ""MARIANO JOSE DE LARRA""",COLEGIO DE EDUCACIÓN INFANTIL Y PRIMARIA,Público,COMUNIDAD DE MADRID,Madrid-Capital,"calle de longares 11, 28022, Madrid (San Blas-Canillejas).",913133789,917759574,http://www.educa.madrid.org/cp.larra.madrid,cp.larra.madrid@educa.madrid.org,Jornada partida
28021148,"CP INF-PRI ""MARQUES DE SUANZES""",COLEGIO DE EDUCACIÓN INFANTIL Y PRIMARIA,Público,COMUNIDAD DE MADRID,Madrid-Capital,"avenida del veinticinco de septiembre 1, 28027, Madrid (San Blas-Canillejas).",917412072,913203617,http://www.educa.madrid.org/cp.marquesdesuanzes.madrid,cp.marquesdesuanzes.madrid@educa.madrid.org,Jornada partida
28005994,"CP INF-PRI ""PADRE COLOMA""",COLEGIO DE EDUCACIÓN INFANTIL Y PRIMARIA,Público,COMUNIDAD DE MADRID,Madrid-Capital,"calle de gutiérrez canales 19, 28022, Madrid (San Blas-Canillejas).",917426447,917412598,http://www.educa.madrid.org/cp.padrecoloma.madrid,cp.padrecoloma.madrid@educa.madrid.org,Jornada continua
28025956,"CP INF-PRI ""RAMON MARIA DEL VALLE INCLAN""",COLEGIO DE EDUCACIÓN INFANTIL Y PRIMARIA,Público,COMUNIDAD DE MADRID,Madrid-Capital,"calle de alconera 1, 28037, Madrid (San Blas-Canillejas).",913130739,913130739,http://www.educa.madrid.org/cp.valleinclan.madrid,cp.valleinclan.madrid@educa.madrid.org,Jornada continua
28010977,"CP INF-PRI ""REPUBLICA DE CHILE""",COLEGIO DE EDUCACIÓN INFANTIL Y PRIMARIA,Público,COMUNIDAD DE MADRID,Madrid-Capital,"calle del castillo de uclés 28, 28037, Madrid (San Blas-Canillejas).",913046658,913046658,http://www.educa.madrid.org/cp.chile.madrid,cp.chile.madrid@educa.madrid.org,Jornada continua
28010928,,,,,,,,,,,
28021173,,,,,,,,,,,
28043259,"CEPA ""CANILLEJAS""",CENTRO PÚBLICO DE EDUCACIÓN DE PERSONAS ADULTAS,Público,COMUNIDAD DE MADRID,Madrid-Capital,"calle de las musas 11, 28022, Madrid (San Blas-Canillejas).",917411860,,http://www.educa.madrid.org/cepa.canillejas.madrid,cepa.canillejas.madrid@educa.madrid.org,Sin tipo de jornada identificada
28057805,"CEPA ""LAS ROSAS""",CENTRO PÚBLICO DE EDUCACIÓN DE PERSONAS ADULTAS,Público,COMUNIDAD DE MADRID,Madrid-Capital,"calle de arcos de jalón 9, 28037, Madrid (San Blas-Canillejas).",913065816,913132523,http://www.educa.madrid.org/cepa.lasrosas.madrid,cepa.lasrosas.madrid@educa.madrid.org,Sin tipo de jornada identificada
28076368,,,,,,,,,,,
28020201,"IES ""BARRIO SIMANCAS""",INSTITUTO DE EDUCACIÓN SECUNDARIA,Público,COMUNIDAD DE MADRID,Madrid-Capital,"calle de zaratán 6, 28037, Madrid (San Blas-Canillejas).",913041570,917545083,http://www.educa.madrid.org/ies.barriosimancas.madrid,ies.barriosimancas.madrid@educa.madrid.org,Jornada continua
28020557,"IES ""CARLOS III""",INSTITUTO DE EDUCACIÓN SECUNDARIA,Público,COMUNIDAD DE MADRID,Madrid-Capital,"calle de arcos de jalón 116, 28037, Madrid (San Blas-Canillejas).",913064069,913135164,http://www.educa.madrid.org/ies.carlostercero.madrid,ies.carlostercero.madrid@educa.madrid.org,Jornada continua
28044902,,,,,,,,,,,
28020582,,,,,,,,,,,
28030976,,,,,,,,,,,
28039840,"IES ""MARQUES DE SUANZES""",INSTITUTO DE EDUCACIÓN SECUNDARIA,Público,COMUNIDAD DE MADRID,Madrid-Capital,"avenida del veinticinco de septiembre 3, 28027, Madrid (San Blas-Canillejas).",917414653,913200619,http://www.educa.madrid.org/ies.marquesdesuanzes.madrid,ies.marquesdesuanzes.madrid@educa.madrid.org,Jornada continua
28020570,"IES ""SAN BLAS""",INSTITUTO DE EDUCACIÓN SECUNDARIA,Público,COMUNIDAD DE MADRID,Madrid-Capital,"calle de arcos de jalón 120, 28037, Madrid (San Blas-Canillejas).",913061148,913240029,http://www.educa.madrid.org/ies.sanblas.madrid,ies.sanblas.madrid@educa.madrid.org,Jornada continua
28701202,,,,,,,,,,,
28700741,,,,,,,,,,,
28700763,,,,,,,,,,,
28700738,,,,,,,,,,,
28701214,,,,,,,,,,,
28700751,,,,,,,,,,,
28700568,,,,,,,,,,,
28043430,"EEI ""LOS ANGELES""",ESCUELA INFANTIL,Público,COMUNIDAD DE MADRID,Madrid-Capital,"calle de bravo murillo 241, 28020, Madrid (Tetuán).",915701196,915701196,http://www.educa.madrid.org/eei.losangeles.madrid,eei.losangeles.madrid@educa.madrid.org,Jornada continua
28010552,"CP INF-PRI ""DOCTOR FEDERICO RUBIO""",COLEGIO DE EDUCACIÓN INFANTIL Y PRIMARIA,Público,COMUNIDAD DE MADRID,Madrid-Capital,"avenida del doctor federico rubio y galí 53, 28039, Madrid (Tetuán).",914502091,914595006,http://www.educa.madrid.org/cp.federicorubio.madrid,cp.federicorubio.madrid@educa.madrid.org,Jornada continua
28010591,"CP INF-PRI ""FELIPE II""",COLEGIO DE EDUCACIÓN INFANTIL Y PRIMARIA,Público,COMUNIDAD DE MADRID,Madrid-Capital,"calle vía límite 12, 28029, Madrid (Tetuán).",913157353,917339393,http://www.educa.madrid.org/cp.felipesegundo.madrid,cp.felipesegundo.madrid@educa.madrid.org,Jornada continua
28025971,"CP INF-PRI ""IGNACIO ZULOAGA""",COLEGIO DE EDUCACIÓN INFANTIL Y PRIMARIA,Público,COMUNIDAD DE MADRID,Madrid-Capital,"calle de alejandro rodríguez 34, 28039, Madrid (Tetuán).",914509620,,http://www.educa.madrid.org/cp.zuloaga.madrid,cp.zuloaga.madrid@educa.madrid.org,Jornada partida
28050343,,,,,,,,,,,
28021461,"CP INF-PRI ""JOSE ORTEGA Y GASSET""",COLEGIO DE EDUCACIÓN INFANTIL Y PRIMARIA,Público,COMUNIDAD DE MADRID,Madrid-Capital,"calle de orense 87, 28020, Madrid (Tetuán).",915720997,915701341,http://www.educa.madrid.org/cp.ortegaygasset.madrid,cp.ortegaygasset.madrid@educa.madrid.org,Jornada continua
28005714,,,,,,,,,,,
28006071,,,,,,,,,,,
28042930,"CEPA ""TETUAN""",CENTRO PÚBLICO DE EDUCACIÓN DE PERSONAS ADULTAS,Público,COMUNIDAD DE MADRID,Madrid-Capital,"calle de pinos alta 63, 28029, Madrid (Tetuán).",917333837,917333094,http://www.educa.madrid.org/cepa.tetuan.madrid,cepa.tetuan.madrid@educa.madrid.org,Sin tipo de jornada identificada
28028477,,,,,,,,,,,
28020806,,,,,,,,,,,
28020831,"IES ""TETUAN DE LAS VICTORIAS""",INSTITUTO DE EDUCACIÓN SECUNDARIA,Público,COMUNIDAD DE MADRID,Madrid-Capital,"calle vía límite 14, 28029, Madrid (Tetuán).",913146706,913157489,http://www.educa.madrid.org/ies.tetuan.madrid,ies.tetuan.madrid@educa.madrid.org,Jornada continua
28043405,,,,,,,,,,,
28043557,,,,,,,,,,,
28043624,,,,,,,,,,,
28043661,"EEI ""SAN FERMIN""",ESCUELA INFANTIL,Público,COMUNIDAD DE MADRID,Madrid-Capital,"calle de la estafeta 14, 28041, Madrid (Usera).",917920502,917920502,http://www.educa.madrid.org/eei.sanfermin.madrid,eei.sanfermin.madrid@educa.madrid.org,Jornada continua
28043739,,,,,,,,,,,
28004904,,,,,,,,,,,
28035536,,,,,,,,,,,
28005817,"CP INF-PRI ""JORGE MANRIQUE""",COLEGIO DE EDUCACIÓN INFANTIL Y PRIMARIA,Público,COMUNIDAD DE MADRID,Madrid-Capital,"plaza del pintor lucas 17, 28026, Madrid (Usera).",915656300,915691615,http://www.educa.madrid.org/cp.jorgemanrique.madrid,cp.jorgemanrique.madrid@educa.madrid.org,Jornada partida
28005726,,,,,,,,,,,
28010813,"CP INF-PRI ""MARCELO USERA""",COLEGIO DE EDUCACIÓN INFANTIL Y PRIMARIA,Público,COMUNIDAD DE MADRID,Madrid-Capital,"calle de perales de tajuña 1, 28026, Madrid (Usera).",914753495,917923840,http://www.educa.madrid.org/cp.marcelousera.madrid,cp.marcelousera.madrid@educa.madrid.org,Jornada continua
28029123,"CP INF-PRI ""MESETA DE ORCASITAS""",COLEGIO DE EDUCACIÓN INFANTIL Y PRIMARIA,Público,COMUNIDAD DE MADRID,Madrid-Capital,"calle del camino viejo de villaverde 1, 28041, Madrid (Usera).",913413045,913417861,http://www.educa.madrid.org/cp.mesetadeorcasitas.madrid,cp.mesetadeorcasitas.madrid@educa.madrid.org,Jornada partida
28025968,,,,,,,,,,,
28030401,,,,,,,,,,,
28006101,"CP INF-PRI ""PUERTO RICO""",COLEGIO DE EDUCACIÓN INFANTIL Y PRIMARIA,Público,COMUNIDAD DE MADRID,Madrid-Capital,"calle del segura 74, 28041, Madrid (Usera).",913412726,913416960,http://www.educa.madrid.org/cp.puertorico.madrid,cp.puertorico.madrid@educa.madrid.org,Jornada continua
28006202,"CP INF-PRI ""REPUBLICA DE VENEZUELA""",COLEGIO DE EDUCACIÓN INFANTIL Y PRIMARIA,Público,COMUNIDAD DE MADRID,Madrid-Capital,"calle de cerecinos 8, 28026, Madrid (Usera).",915698392,914695258,http://www.educa.madrid.org/cp.venezuela.madrid,cp.venezuela.madrid@educa.madrid.org,Jornada partida
28006159,"CP INF-PRI ""REPUBLICA DEL BRASIL""",COLEGIO DE EDUCACIÓN INFANTIL Y PRIMARIA,Público,COMUNIDAD DE MADRID,Madrid-Capital,"avenida de los fueros 34, 28041, Madrid (Usera).",917923478,917920822,http://www.educa.madrid.org/cp.brasil.madrid,cp.brasil.madrid@educa.madrid.org,Jornada continua
28037387,,,,,,,,,,,
28038689,"CEPA ""DAOIZ Y VELARDE""",CENTRO PÚBLICO DE EDUCACIÓN DE PERSONAS ADULTAS,Público,COMUNIDAD DE MADRID,Madrid-Capital,"calle de fernando ortiz 2, piso: 2º, 28041, Madrid (Usera).",915651055,915697036,http://www.educa.madrid.org/cepa.daoizyvelarde.madrid,cepa.daoizyvelarde.madrid@educa.madrid.org,Sin tipo de jornada identificada
28046467,"CEPA ""ORCASITAS""",CENTRO PÚBLICO DE EDUCACIÓN DE PERSONAS ADULTAS,Público,COMUNIDAD DE MADRID,Madrid-Capital,"calle de la oreja 186, 28041, Madrid (Usera).",913413251,913414044,http://www.educa.madrid.org/cepa.orcasitas.madrid,cepa.orcasitas.madrid@educa.madrid.org,Sin tipo de jornada identificada
28056047,"UFIL ""VIRGEN DE AFRICA""",UNIDAD DE FORMACIÓN E INSERCIÓN LABORAL,Público,COMUNIDAD DE MADRID,Madrid-Capital,"calle de salvador martínez 3, 28041, Madrid (Usera).",912760413,913698546,http://www.educa.madrid.org/ufil.virgendeafrica.madrid,ufil.virgendeafrica.madrid@educa.madrid.org,Jornada continua
28058019,"A. HOSP. ""AULA HOSPITALARIA DOCE DE OCTUBRE""",AULA HOSPITALARIA,Público,COMUNIDAD DE MADRID,Madrid-Capital,"avenida de andalucía 5,400, piso: 8, 28041, Madrid (Usera).",914604923,914604923,http://www.educa.madrid.org/ah.docedeoctubre.madrid,ah.docedeoctubre.madrid@educa.madrid.org,Sin tipo de jornada identificada
28032481,"IES ""CIUDAD DE JAEN""",INSTITUTO DE EDUCACIÓN SECUNDARIA,Público,COMUNIDAD DE MADRID,Madrid-Capital,"camino del río 5, 28041, Madrid (Usera).",913173000,,http://www.educa.madrid.org/ies.ciudaddejaen.madrid,ies.ciudaddejaen.madrid@educa.madrid.org,Jornada continua
28020703,"IES ""ENRIQUE TIERNO GALVAN""",INSTITUTO DE EDUCACIÓN SECUNDARIA,Público,COMUNIDAD DE MADRID,Madrid-Capital,"avenida de andalucía 6,200, 28041, Madrid (Usera).",913171972,913173529,http://www.educa.madrid.org/ies.tiernogalvan.madrid,ies.tiernogalvan.madrid@educa.madrid.org,Jornada continua
28035330,"IES ""JUAN DE VILLANUEVA""",INSTITUTO DE EDUCACIÓN SECUNDARIA,Público,COMUNIDAD DE MADRID,Madrid-Capital,"calle del camino viejo de villaverde 28, 28041, Madrid (Usera).",913416343,913417819,http://www.educa.madrid.org/ies.juandevillanuev.madrid,ies.juandevillanuev.madrid@educa.madrid.org,Jornada continua
28074244,"IES ""PEDRO SALINAS""",INSTITUTO DE EDUCACIÓN SECUNDARIA,Público,COMUNIDAD DE MADRID,Madrid-Capital,"calle del general marvá 24-26, 28026, Madrid (Usera).",915699236,915699235,http://www.educa.madrid.org/ies.pedrosalinas.madrid,ies.pedrosalinas.madrid@educa.madrid.org,Jornada continua
28020715,,,,,,,,,,,
28037053,,,,,,,,,,,
28700593,,,,,,,,,,,
28071826,,,,,,,,,,,
28021422,,,,,,,,,,,
28050355,"CP INF-PRI ""LOS ALMENDROS""",COLEGIO DE EDUCACIÓN INFANTIL Y PRIMARIA,Público,COMUNIDAD DE MADRID,Madrid-Capital,"calle de ladera de los almendros 45, 28032, Madrid (Vicálvaro).",917510982,917726814,http://www.educa.madrid.org/cp.losalmendros.madrid,cp.losalmendros.madrid@educa.madrid.org,Jornada continua
28060211,,,,,,,,,,,
28045098,"CP INF-PRI ""VALDEBERNARDO""",COLEGIO DE EDUCACIÓN INFANTIL Y PRIMARIA,Público,COMUNIDAD DE MADRID,Madrid-Capital,"calle del tren de arganda 9, 28032, Madrid (Vicálvaro).",913713523,913051773,http://www.educa.madrid.org/cp.valdebernardo.madrid,cp.valdebernardo.madrid@educa.madrid.org,Jornada partida
28030411,,,,,,,,,,,
28066090,,,,,,,,,,,
28045323,"CEPA ""VICALVARO""",CENTRO PÚBLICO DE EDUCACIÓN DE PERSONAS ADULTAS,Público,COMUNIDAD DE MADRID,Madrid-Capital,"calle del lago como 4, 28032, Madrid (Vicálvaro).",913718492,913718492,http://www.educa.madrid.org/cepa.vicalvaro.madrid,cepa.vicalvaro.madrid@educa.madrid.org,Sin tipo de jornada identificada
28037041,"IES ""JOAQUÍN RODRIGO""",INSTITUTO DE EDUCACIÓN SECUNDARIA,Público,COMUNIDAD DE MADRID,Madrid-Capital,"calle de casalarreina 28, 28032, Madrid (Vicálvaro).",917762262,917762393,http://www.educa.madrid.org/ies.joaquinrodrigo.madrid,ies.joaquinrodrigo.madrid@educa.madrid.org,Jornada continua
28015756,"IES ""VALDEBERNARDO""",INSTITUTO DE EDUCACIÓN SECUNDARIA,Público,COMUNIDAD DE MADRID,Madrid-Capital,"bulevar de indalecio prieto 1, 28032, Madrid (Vicálvaro).",913016099,913016148,http://www.educa.madrid.org/ies.valdebernardo.madrid,ies.valdebernardo.madrid@educa.madrid.org,Jornada continua
28039891,"IES ""VILLABLANCA""",INSTITUTO DE EDUCACIÓN SECUNDARIA,Público,COMUNIDAD DE MADRID,Madrid-Capital,"calle de villablanca 79, 28032, Madrid (Vicálvaro).",917752214,917766577,http://www.educa.madrid.org/ies.villablanca.madrid,ies.villablanca.madrid@educa.madrid.org,Jornada continua
28043454,"EEI ""ARCO IRIS""",ESCUELA INFANTIL,Público,COMUNIDAD DE MADRID,Madrid-Capital,"calle de diego olivera victorio 10, 28031, Madrid (Villa de Vallecas).",913311422,913311422,http://www.educa.madrid.org/eei.arcoiris.madrid,eei.arcoiris.madrid@educa.madrid.org,Jornada continua
28043594,"EEI ""LA PALOMA""",ESCUELA INFANTIL,Público,COMUNIDAD DE MADRID,Madrid-Capital,"calle de agustín garcía malla 8, 28031, Madrid (Villa de Vallecas).",913052986,913312931,http://www.educa.madrid.org/eei.lapaloma.madrid,eei.lapaloma.madrid@educa.madrid.org,Jornada continua
28063751,,,,,,,,,,,
28077877,"CP INF-PRI ""ANGEL NIETO""",COLEGIO DE EDUCACIÓN INFANTIL Y PRIMARIA,Público,COMUNIDAD DE MADRID,Madrid-Capital,"avenida de las suertes esquina c/ arte expresionista s/n, 28051, Madrid (Villa de Vallecas).",912723449,,http://www.educa.madrid.org/cp.angelnieto.madrid,cp.angelnieto.madrid@educa.madrid.org,Jornada continua
28035512,"CP INF-PRI ""BLAS DE OTERO""",COLEGIO DE EDUCACIÓN INFANTIL Y PRIMARIA,Público,COMUNIDAD DE MADRID,Madrid-Capital,"calle de puentelarra 34, 28031, Madrid (Villa de Vallecas).",913311550,913310535,http://www.educa.madrid.org/cp.blasdeotero.madrid,cp.blasdeotero.madrid@educa.madrid.org,Jornada continua
28020673,,,,,,,,,,,
28042796,"CP INF-PRI ""EL QUIJOTE""",COLEGIO DE EDUCACIÓN INFANTIL Y PRIMARIA,Público,COMUNIDAD DE MADRID,Madrid-Capital,"calle de fuentidueña 4, 28031, Madrid (Villa de Vallecas).",913800214,913800246,http://www.educa.madrid.org/cp.elquijote.madrid,cp.elquijote.madrid@educa.madrid.org,Jornada partida
28005350,"CP INF-PRI ""FRANCISCO FATOU""",COLEGIO DE EDUCACIÓN INFANTIL Y PRIMARIA,Público,COMUNIDAD DE MADRID,Madrid-Capital,"camino de la suerte 23, 28031, Madrid (Villa de Vallecas).",913321050,913323222,http://www.educa.madrid.org/cp.franciscofatou.madrid,cp.franciscofatou.madrid@educa.madrid.org,Jornada continua
28005519,"CP INF-PRI ""HONDURAS""",COLEGIO DE EDUCACIÓN INFANTIL Y PRIMARIA,Público,COMUNIDAD DE MADRID,Madrid-Capital,"paseo de federico garcía lorca 19, 28031, Madrid (Villa de Vallecas).",913325719,913325719,http://www.educa.madrid.org/cp.honduras.madrid,cp.honduras.madrid@educa.madrid.org,Jornada continua
28074256,,,,,,,,,,,
28026535,"CP INF-PRI ""JUAN GRIS""",COLEGIO DE EDUCACIÓN INFANTIL Y PRIMARIA,Público,COMUNIDAD DE MADRID,Madrid-Capital,"calle de muela de san juan 31, 28031, Madrid (Villa de Vallecas).",913327264,913327263,http://www.educa.madrid.org/cp.juangris.madrid,cp.juangris.madrid@educa.madrid.org,Jornada partida
28069169,"CP INF-PRI-SEC ""LOYOLA DE PALACIO""","COLEGIO DE EDUCACIÓN INFANTIL, PRIMARIA Y SECUNDARIA",Público,COMUNIDAD DE MADRID,Madrid-Capital,"calle del embalse de navacerrada 60, 28051, Madrid (Villa de Vallecas).",913851330,,http://www.educa.madrid.org/cp.loyoladepalacio.madrid,cp.loyoladepalacio.madrid@educa.madrid.org,Jornada partida
28079436,"CP INF-PRI ""MARIA DE VILLOTA""",COLEGIO DE EDUCACIÓN INFANTIL Y PRIMARIA,Público,COMUNIDAD DE MADRID,Madrid-Capital,"calle de cañada del santísimo 23, 28051, Madrid (Villa de Vallecas).",913053429,,http://www.educa.madrid.org/cp.mariadevillota.madrid,cp.mariadevillota.madrid@educa.madrid.org,Jornada continua
28029241,,,,,,,,,,,
28044513,"CEPA ""VALLECAS""",CENTRO PÚBLICO DE EDUCACIÓN DE PERSONAS ADULTAS,Público,COMUNIDAD DE MADRID,Madrid-Capital,"plaza de antonio maría segovia s/n, 28031, Madrid (Villa de Vallecas).",913311433,,http://www.educa.madrid.org/cepa.vallecas.madrid,cepa.vallecas.madrid@educa.madrid.org,Sin tipo de jornada identificada
28700982,,,,,,,,,,,
28077269,"IES ""MARIA RODRIGO""",INSTITUTO DE EDUCACIÓN SECUNDARIA,Público,COMUNIDAD DE MADRID,Madrid-Capital,"calle talamanca del jarama 2, 28051, Madrid (Villa de Vallecas).",912761532,,http://www.educa.madrid.org/ies.mariarodrigo.madrid,ies.mariarodrigo.madrid@educa.madrid.org,Sin tipo de jornada identificada
28042644,,,,,,,,,,,
28021215,"CP INF-PRI ""ANTONIO DE NEBRIJA""",COLEGIO DE EDUCACIÓN INFANTIL Y PRIMARIA,Público,COMUNIDAD DE MADRID,Madrid-Capital,"calle de juan josé martínez seco 77, 28021, Madrid (Villaverde).",917963500,915051317,http://www.educa.madrid.org/cp.antoniodenebrija.madrid,cp.antoniodenebrija.madrid@educa.madrid.org,Jornada continua
28071383,"CP INF-PRI ""AUSIAS MARCH""",COLEGIO DE EDUCACIÓN INFANTIL Y PRIMARIA,Público,COMUNIDAD DE MADRID,Madrid-Capital,"calle de la estefanita 9, 28021, Madrid (Villaverde).",917109916,917964694,http://www.educa.madrid.org/cp.ausiasmarch.madrid,cp.ausiasmarch.madrid@educa.madrid.org,Jornada partida
28005091,"CP INF-PRI ""AZORIN""",COLEGIO DE EDUCACIÓN INFANTIL Y PRIMARIA,Público,COMUNIDAD DE MADRID,Madrid-Capital,"calle de godella 57, 28021, Madrid (Villaverde).",917975733,,http://www.educa.madrid.org/cp.azorin.madrid,cp.azorin.madrid@educa.madrid.org,Jornada continua
28005106,"CP INF-PRI ""BARCELONA""",COLEGIO DE EDUCACIÓN INFANTIL Y PRIMARIA,Público,COMUNIDAD DE MADRID,Madrid-Capital,"avenida de la verbena de la paloma 14, 28041, Madrid (Villaverde).",913603078,913179568,http://www.educa.madrid.org/cp.barcelona.madrid,cp.barcelona.madrid@educa.madrid.org,Jornada continua
28011684,"CP INF-PRI ""CIUDAD DE CORDOBA""",COLEGIO DE EDUCACIÓN INFANTIL Y PRIMARIA,Público,COMUNIDAD DE MADRID,Madrid-Capital,"calle de lillo 1, 28041, Madrid (Villaverde).",913172417,913179827,http://www.educa.madrid.org/cp.ciudaddecordoba.madrid,cp.ciudaddecordoba.madrid@educa.madrid.org,Jornada continua
28005234,"CP INF-PRI ""CIUDAD DE LOS ANGELES""",COLEGIO DE EDUCACIÓN INFANTIL Y PRIMARIA,Público,COMUNIDAD DE MADRID,Madrid-Capital,"calle de la alegría de la huerta 6, 28041, Madrid (Villaverde).",917954993,915050434,http://www.educa.madrid.org/cp.ciudaddelosangeles.madrid,cp.ciudaddelosangeles.madrid@educa.madrid.org,Jornada continua
28005271,,,,,,,,,,,
28004266,"CP INF-PRI ""DAMASO ALONSO""",COLEGIO DE EDUCACIÓN INFANTIL Y PRIMARIA,Público,COMUNIDAD DE MADRID,Madrid-Capital,"avenida de espinela 1, 28021, Madrid (Villaverde).",917970620,917970620,http://www.educa.madrid.org/cp.damasoalonso.madrid,cp.damasoalonso.madrid@educa.madrid.org,Jornada continua
28044434,"CP INF-PRI ""EL ESPINILLO""",COLEGIO DE EDUCACIÓN INFANTIL Y PRIMARIA,Público,COMUNIDAD DE MADRID,Madrid-Capital,"calle de la unanimidad 1, 28041, Madrid (Villaverde).",917237434,,http://www.educa.madrid.org/cp.elespinillo.madrid,cp.elespinillo.madrid@educa.madrid.org,Jornada continua
28060221,,,,,,,,,,,
28005696,,,,,,,,,,,
28006214,"CP INF-PRI ""LOS ROSALES""",COLEGIO DE EDUCACIÓN INFANTIL Y PRIMARIA,Público,COMUNIDAD DE MADRID,Madrid-Capital,"avenida de los rosales 131, 28021, Madrid (Villaverde).",917956756,917988116,http://www.educa.madrid.org/cp.losrosales.madrid,cp.losrosales.madrid@educa.madrid.org,Jornada continua
28005763,,,,,,,,,,,
28005911,,,,,,,,,,,
28039372,"CP INF-PRI ""NUESTRA SEÑORA DE LA LUZ""",COLEGIO DE EDUCACIÓN INFANTIL Y PRIMARIA,Público,COMUNIDAD DE MADRID,Madrid-Capital,"calle del bismuto 1, 28021, Madrid (Villaverde).",917950766,917975020,http://www.educa.madrid.org/cp.luz.madrid,cp.luz.madrid@educa.madrid.org,Jornada continua
28010941,"CP INF-PRI ""RAMON GOMEZ DE LA SERNA""",COLEGIO DE EDUCACIÓN INFANTIL Y PRIMARIA,Público,COMUNIDAD DE MADRID,Madrid-Capital,"calle de godella 170, 28021, Madrid (Villaverde).",917972522,915053446,http://www.educa.madrid.org/cp.gomezdelaserna.madrid,cp.gomezdelaserna.madrid@educa.madrid.org,Jornada continua
28010989,,,,,,,,,,,
28006251,"CP INF-PRI ""SAGUNTO""",COLEGIO DE EDUCACIÓN INFANTIL Y PRIMARIA,Público,COMUNIDAD DE MADRID,Madrid-Capital,"calle de paterna 14, 28021, Madrid (Villaverde).",917976726,917976726,http://www.educa.madrid.org/cp.sagunto.madrid,cp.sagunto.madrid@educa.madrid.org,Jornada continua
28006263,"CP INF-PRI ""SAN CARLOS""",COLEGIO DE EDUCACIÓN INFANTIL Y PRIMARIA,Público,COMUNIDAD DE MADRID,Madrid-Capital,"calle de geología 2, 28021, Madrid (Villaverde).",917966105,917979728,http://www.educa.madrid.org/cp.sancarlos.madrid,cp.sancarlos.madrid@educa.madrid.org,Jornada continua
28014272,,,,,,,,,,,
28045311,"CEPA ""LOS ROSALES""",CENTRO PÚBLICO DE EDUCACIÓN DE PERSONAS ADULTAS,Público,COMUNIDAD DE MADRID,Madrid-Capital,"calle de concepción de la oliva 17, 28021, Madrid (Villaverde).",915052034,917971397,http://www.educa.madrid.org/cepa.losrosales.madrid,cepa.losrosales.madrid@educa.madrid.org,Sin tipo de jornada identificada
28043235,"CEPA ""VILLAVERDE""",CENTRO PÚBLICO DE EDUCACIÓN DE PERSONAS ADULTAS,Público,COMUNIDAD DE MADRID,Madrid-Capital,"calle villalonso 10, 28021, Madrid (Villaverde).",917962820,917962820,http://www.educa.madrid.org/cepa.villaverde.madrid,cepa.villaverde.madrid@educa.madrid.org,Sin tipo de jornada identificada
28030174,,,,,,,,,,,
28037016,,,,,,,,,,,
28013899,,,,,,,,,,,
28076371,,,,,,,,,,,
28018472,"IES ""SAN CRISTOBAL DE LOS ANGELES""",INSTITUTO DE EDUCACIÓN SECUNDARIA,Público,COMUNIDAD DE MADRID,Madrid-Capital,"plaza de los pinazo 7, 28021, Madrid (Villaverde).",917972584,915053607,http://www.educa.madrid.org/ies.sancristobal.madrid,ies.sancristobal.madrid@educa.madrid.org,Jornada continua
28000029,"CP INF-PRI-SEC ""SAN BLAS""","COLEGIO DE EDUCACIÓN INFANTIL, PRIMARIA Y SECUNDARIA",Público,COMUNIDAD DE MADRID,Madrid-Este,"calle víctor hurtado s/n, 28864, Ajalvir. ",918844589,,http://www.educa.madrid.org/cp.sanblas.ajalvir,cp.sanblas.ajalvir@educa.madrid.org,Jornada continua
28047526,"EEI ""LA COMETA""",ESCUELA INFANTIL,Público,COMUNIDAD DE MADRID,Madrid-Este,"calle córdoba 2, 28804, Alcalá de Henares. ",918832356,918832356,http://www.educa.madrid.org/eei.lacometa.alcala,eei.lacometa.alcala@educa.madrid.org,Jornada continua
28046960,"EEI ""LOS CUENTOS""",ESCUELA INFANTIL,Público,COMUNIDAD DE MADRID,Madrid-Este,"calle josé caballero 2, 28805, Alcalá de Henares. ",918832770,918832770,http://www.educa.madrid.org/eei.loscuentos.alcala,eei.loscuentos.alcala@educa.madrid.org,Jornada continua
28044124,"EEI ""PUERTA DE MADRID""",ESCUELA INFANTIL,Público,COMUNIDAD DE MADRID,Madrid-Este,"calle juan de vergara 6, 28802, Alcalá de Henares. ",918814128,918814128,http://www.educa.madrid.org/eei.puertademadrid.alcala,eei.puertademadrid.alcala@educa.madrid.org,Jornada continua
28074581,"CP INF-PRI ""ALICIA DE LARROCHA""",COLEGIO DE EDUCACIÓN INFANTIL Y PRIMARIA,Público,COMUNIDAD DE MADRID,Madrid-Este,"calle río guadarrama 5, 28803, Alcalá de Henares. ",918899076,918899076,http://www.educa.madrid.org/cp.aliciadelarrocha.alcala,cp.aliciadelarrocha.alcala@educa.madrid.org,Jornada continua
28000054,"CP INF-PRI ""ANTONIO DE NEBRIJA""",COLEGIO DE EDUCACIÓN INFANTIL Y PRIMARIA,Público,COMUNIDAD DE MADRID,Madrid-Este,"calle san ignacio de loyola 13, 28806, Alcalá de Henares. ",918882368,918882368,http://www.educa.madrid.org/cp.antoniodenebrija.alcala,cp.antoniodenebrija.alcala@educa.madrid.org,Jornada continua
28033621,,,,,,,,,,,
28073926,"CP INF-PRI ""ANTONIO MINGOTE""",COLEGIO DE EDUCACIÓN INFANTIL Y PRIMARIA,Público,COMUNIDAD DE MADRID,Madrid-Este,"calle arturo soria 7, 28806, Alcalá de Henares. ",918786065,,http://www.educa.madrid.org/cp.antoniomingote.alcala,cp.antoniomingote.alcala@educa.madrid.org,Jornada continua
28028738,"CP INF-PRI ""BEATRIZ GALINDO""",COLEGIO DE EDUCACIÓN INFANTIL Y PRIMARIA,Público,COMUNIDAD DE MADRID,Madrid-Este,"calle violeta 19, 28803, Alcalá de Henares. ",918898064,918812912,http://www.educa.madrid.org/cp.beatrizgalindo.alcala,cp.beatrizgalindo.alcala@educa.madrid.org,Jornada continua
28000066,,,,,,,,,,,
28000078,"CP INF-PRI ""CERVANTES""",COLEGIO DE EDUCACIÓN INFANTIL Y PRIMARIA,Público,COMUNIDAD DE MADRID,Madrid-Este,"calle giner de los ríos 5, 28800, Alcalá de Henares. ",918889973,918816276,http://www.educa.madrid.org/cp.cervantes.alcala,cp.cervantes.alcala@educa.madrid.org,Jornada continua
28030447,"CP INF-PRI ""CIUDAD DEL AIRE""",COLEGIO DE EDUCACIÓN INFANTIL Y PRIMARIA,Público,MINISTERIO DE DEFENSA,Madrid-Este,"calle barberán y collar 21, 28805, Alcalá de Henares. ",918880343,918833079,http://www.educa.madrid.org/cp.ciudaddelaire.alcala,cp.ciudaddelaire.alcala@educa.madrid.org,Jornada continua
28038057,,,,,,,,,,,
28000081,,,,,,,,,,,
28000388,"CP INF-PRI ""DOCTORA DE ALCALA""",COLEGIO DE EDUCACIÓN INFANTIL Y PRIMARIA,Público,COMUNIDAD DE MADRID,Madrid-Este,"calle de pedro sarmiento de gamboa 11, 28805, Alcalá de Henares. ",918883764,918833055,http://www.educa.madrid.org/cp.doctora.alcala,cp.doctora.alcala@educa.madrid.org,Jornada continua
28028741,"CP INF-PRI ""DULCINEA""",COLEGIO DE EDUCACIÓN INFANTIL Y PRIMARIA,Público,COMUNIDAD DE MADRID,Madrid-Este,"cuesta teatinos 10, 28805, Alcalá de Henares. ",918895926,918829312,http://www.educa.madrid.org/cp.dulcinea.alcala,cp.dulcinea.alcala@educa.madrid.org,Jornada continua
28000315,"CP INF-PRI ""EMPERADOR FERNANDO""",COLEGIO DE EDUCACIÓN INFANTIL Y PRIMARIA,Público,COMUNIDAD DE MADRID,Madrid-Este,"calle de la ronda fiscal 44, 28803, Alcalá de Henares. ",918823334,918807542,http://www.educa.madrid.org/cp.emperadorfernan.alcala,cp.emperadorfernan.alcala@educa.madrid.org,Jornada continua
28070718,"CP INF-PRI ""ERNEST HEMINGWAY""",COLEGIO DE EDUCACIÓN INFANTIL Y PRIMARIA,Público,COMUNIDAD DE MADRID,Madrid-Este,"calle gonzalo torrente ballester 74, 28806, Alcalá de Henares. ",918784065,918303988,http://www.educa.madrid.org/cp.ernesthemingway.alcala,cp.ernesthemingway.alcala@educa.madrid.org,Jornada continua
28050380,,,,,,,,,,,
28031440,"CP INF-PRI ""FRANCISCO DE QUEVEDO""",COLEGIO DE EDUCACIÓN INFANTIL Y PRIMARIA,Público,COMUNIDAD DE MADRID,Madrid-Este,"calle san vidal 8, 28803, Alcalá de Henares. ",918807835,918807835,http://www.educa.madrid.org/cp.quevedo.alcala,cp.quevedo.alcala@educa.madrid.org,Jornada continua
28032341,"CP INF-PRI ""GARCIA LORCA""",COLEGIO DE EDUCACIÓN INFANTIL Y PRIMARIA,Público,COMUNIDAD DE MADRID,Madrid-Este,"calle torrelaguna 29, 28806, Alcalá de Henares. ",918888202,918776389,http://www.educa.madrid.org/cp.garcialorca.alcala,cp.garcialorca.alcala@educa.madrid.org,Jornada continua
28000558,,,,,,,,,,,
28030368,"CP INF-PRI ""IPLACEA""",COLEGIO DE EDUCACIÓN INFANTIL Y PRIMARIA,Público,COMUNIDAD DE MADRID,Madrid-Este,"calle del río guadarrama 1, 28803, Alcalá de Henares. ",918898885,918837179,http://www.educa.madrid.org/cp.iplacea.alcala,cp.iplacea.alcala@educa.madrid.org,Jornada continua
28028751,"CP INF-PRI ""JUAN DE AUSTRIA""",COLEGIO DE EDUCACIÓN INFANTIL Y PRIMARIA,Público,COMUNIDAD DE MADRID,Madrid-Este,"avenida de juan de austria 17, 28804, Alcalá de Henares. ",918886350,918886350,http://www.educa.madrid.org/cp.juandeaustria.alcala,cp.juandeaustria.alcala@educa.madrid.org,Jornada continua
28060300,"CP INF-PRI ""LA GARENA""",COLEGIO DE EDUCACIÓN INFANTIL Y PRIMARIA,Público,COMUNIDAD DE MADRID,Madrid-Este,"calle arturo soria 3, 28806, Alcalá de Henares. ",918863534,918863556,http://www.educa.madrid.org/cp.lagarena.alcala,cp.lagarena.alcala@educa.madrid.org,Jornada continua
28037168,"CP INF-PRI ""LUIS VIVES""",COLEGIO DE EDUCACIÓN INFANTIL Y PRIMARIA,Público,COMUNIDAD DE MADRID,Madrid-Este,"calle luis vives 18, 28803, Alcalá de Henares. ",918806791,,http://www.educa.madrid.org/cp.luisvives.alcala,cp.luisvives.alcala@educa.madrid.org,Jornada continua
28030344,,,,,,,,,,,
28032331,,,,,,,,,,,
28066107,,,,,,,,,,,
28000376,"CP INF-PRI ""NUESTRA SEÑORA DEL VAL""",COLEGIO DE EDUCACIÓN INFANTIL Y PRIMARIA,Público,COMUNIDAD DE MADRID,Madrid-Este,"calle ávila s/n, 28804, Alcalá de Henares. ",918893702,918894578,http://www.educa.madrid.org/cp.val.alcala,cp.val.alcala@educa.madrid.org,Jornada continua
28037491,,,,,,,,,,,
28028763,"CP INF-PRI ""SANTOS NIÑOS""",COLEGIO DE EDUCACIÓN INFANTIL Y PRIMARIA,Público,COMUNIDAD DE MADRID,Madrid-Este,"avenida nuestra señora de belén 6, 28802, Alcalá de Henares. ",918885346,918885346,http://www.educa.madrid.org/cp.santosninos.alcala,cp.santosninos.alcala@educa.madrid.org,Jornada continua
28033515,,,,,,,,,,,
28037892,"CEPA ""DON JUAN I""",CENTRO PÚBLICO DE EDUCACIÓN DE PERSONAS ADULTAS,Público,COMUNIDAD DE MADRID,Madrid-Este,"calle san vidal 6, 28803, Alcalá de Henares. ",918815156,,http://www.educa.madrid.org/cepa.alcala,cepa.alcala@educa.madrid.org,Sin tipo de jornada identificada
28056096,,,,,,,,,,,
28056412,,,,,,,,,,,
28056400,"CEPA.EP ""JOSE HIERRO""",CENTRO PÚBLICO DE EDUCACIÓN ADULTOS ESTABLECIMIENTOS PENITENCIARIOS,Público,COMUNIDAD DE MADRID,Madrid-Este,"carretera de meco k 4, 28805, Alcalá de Henares. ",918887061,,http://www.educa.madrid.org/cepa.josehierro.alcala,cepa.josehierro.alcala@educa.madrid.org,Sin tipo de jornada identificada
28075820,,,,,,,,,,,
28701020,,,,,,,,,,,
28039682,,,,,,,,,,,
28000467,"IES ""ALONSO DE AVELLANEDA""",INSTITUTO DE EDUCACIÓN SECUNDARIA,Público,COMUNIDAD DE MADRID,Madrid-Este,"calle vitoria 3, 28804, Alcalá de Henares. ",918881174,918883402,http://www.educa.madrid.org/ies.alonsodeavellan.alcala,ies.alonsodeavellan.alcala@educa.madrid.org,Jornada continua
28035305,,,,,,,,,,,
28000522,"IES ""ANTONIO MACHADO""",INSTITUTO DE EDUCACIÓN SECUNDARIA,Público,COMUNIDAD DE MADRID,Madrid-Este,"calle alalpardo s/n, 28806, Alcalá de Henares. ",918892450,918883916,http://www.educa.madrid.org/ies.machado.alcala,ies.machado.alcala@educa.madrid.org,Jornada continua
28046091,,,,,,,,,,,
28039670,,,,,,,,,,,
28000364,"IES ""COMPLUTENSE""",INSTITUTO DE EDUCACIÓN SECUNDARIA,Público,COMUNIDAD DE MADRID,Madrid-Este,"calle valladolid 1, 28804, Alcalá de Henares. ",918880169,918828091,http://www.educa.madrid.org/ies.complutense.alcala,ies.complutense.alcala@educa.madrid.org,Jornada continua
28044744,"IES ""DOCTOR MARAÑON""",INSTITUTO DE EDUCACIÓN SECUNDARIA,Público,COMUNIDAD DE MADRID,Madrid-Este,"calle alejo carpentier 1, 28806, Alcalá de Henares. ",918788137,918826047,http://www.educa.madrid.org/ies.maranon.alcala,ies.maranon.alcala@educa.madrid.org,Jornada continua
28058615,"IES ""ESCUELA DE HOSTELERIA Y TURISMO""",INSTITUTO DE EDUCACIÓN SECUNDARIA,Público,COMUNIDAD DE MADRID,Madrid-Este,"calle camino de la esgaravita s/n, 28805, Alcalá de Henares. ",918802313,,http://www.educa.madrid.org/ies.hosteleria.alcala,ies.hosteleria.alcala@educa.madrid.org,Jornada continua
28042000,"IES ""IGNACIO ELLACURIA""",INSTITUTO DE EDUCACIÓN SECUNDARIA,Público,COMUNIDAD DE MADRID,Madrid-Este,"calle senda perdida s/n, 28805, Alcalá de Henares. ",918823430,918825565,http://www.educa.madrid.org/ies.ignacioellacuria.alcala,ies.ignacioellacuria.alcala@educa.madrid.org,Jornada continua
28080517,"IES ""ISIDRA DE GUZMAN""",INSTITUTO DE EDUCACIÓN SECUNDARIA,Público,COMUNIDAD DE MADRID,Madrid-Este,"calle gardenia 29, 28803, Alcalá de Henares. ",,,http://www.educa.madrid.org/ies.isidradeguzman.alcala,ies.isidradeguzman.alcala@educa.madrid.org,Sin tipo de jornada identificada
28038835,,,,,,,,,,,
28060373,"IES ""LAZARO CARRETER""",INSTITUTO DE EDUCACIÓN SECUNDARIA,Público,COMUNIDAD DE MADRID,Madrid-Este,"calle pio baroja 7, 28806, Alcalá de Henares. ",918770290,918833019,http://www.educa.madrid.org/ies.lazarocarreter.alcala,ies.lazarocarreter.alcala@educa.madrid.org,Jornada continua
28030903,,,,,,,,,,,
28700684,,,,,,,,,,,
28700313,,,,,,,,,,,
28080980,"CP INF-PRI ""VIRGEN DE LA OLIVA""",COLEGIO DE EDUCACIÓN INFANTIL Y PRIMARIA,Público,COMUNIDAD DE MADRID,Madrid-Este,"calle de las escuelas 3, 28818, Anchuelo. ",914986450,,http://www.educa.madrid.org/cp.virgendelaoliva.anchuelo,cp.virgendelaoliva.anchuelo@educa.madrid.org,Sin tipo de jornada identificada
28042978,"CP INF-PRI ""ANTONIO MACHADO""",COLEGIO DE EDUCACIÓN INFANTIL Y PRIMARIA,Público,COMUNIDAD DE MADRID,Madrid-Este,"calle tenerife s/n, 28500, Arganda del Rey. ",918704741,918718095,http://www.educa.madrid.org/cp.machado.arganda,cp.machado.arganda@educa.madrid.org,Jornada continua
28069741,,,,,,,,,,,
28031971,,,,,,,,,,,
28030848,"CP INF-PRI ""FEDERICO GARCIA LORCA""",COLEGIO DE EDUCACIÓN INFANTIL Y PRIMARIA,Público,COMUNIDAD DE MADRID,Madrid-Este,"avenida del niño jesus 1, 28500, Arganda del Rey. ",918711847,918710508,http://www.educa.madrid.org/cp.garcialorca.arganda,cp.garcialorca.arganda@educa.madrid.org,Jornada continua
28032390,,,,,,,,,,,
28031026,"CP INF-PRI ""MIGUEL HERNANDEZ""",COLEGIO DE EDUCACIÓN INFANTIL Y PRIMARIA,Público,COMUNIDAD DE MADRID,Madrid-Este,"calle doctor marañón 7, 28500, Arganda del Rey. ",918702392,918718141,http://www.educa.madrid.org/cp.miguelhernandez.arganda,cp.miguelhernandez.arganda@educa.madrid.org,Jornada continua
28001681,"CP INF-PRI ""NUESTRA SEÑORA DE LA MILAGROSA""",COLEGIO DE EDUCACIÓN INFANTIL Y PRIMARIA,Público,COMUNIDAD DE MADRID,Madrid-Este,"calle leonor de cortinas 2, 28500, Arganda del Rey. ",918710205,918700900,http://www.educa.madrid.org/cp.milagrosa.arganda,cp.milagrosa.arganda@educa.madrid.org,Jornada continua
28038124,"CP INF-PRI ""ROSALIA DE CASTRO""",COLEGIO DE EDUCACIÓN INFANTIL Y PRIMARIA,Público,COMUNIDAD DE MADRID,Madrid-Este,"calle rosa luxemburgo 2, 28500, Arganda del Rey. ",918715575,918715283,http://www.educa.madrid.org/cp.rosaliadecastro.arganda,cp.rosaliadecastro.arganda@educa.madrid.org,Jornada continua
28001770,"CP INF-PRI ""SAN JUAN BAUTISTA""",COLEGIO DE EDUCACIÓN INFANTIL Y PRIMARIA,Público,COMUNIDAD DE MADRID,Madrid-Este,"calle isaac peral 20, 28500, Arganda del Rey. ",918700113,918702196,http://www.educa.madrid.org/cp.sanjuanbautista.arganda,cp.sanjuanbautista.arganda@educa.madrid.org,Jornada continua
28042875,,,,,,,,,,,
28001769,"IES ""EL CARRASCAL""",INSTITUTO DE EDUCACIÓN SECUNDARIA,Público,COMUNIDAD DE MADRID,Madrid-Este,"avenida del instituto s/n, 28500, Arganda del Rey. ",918760082,918701851,http://www.educa.madrid.org/ies.elcarrascal.arganda,ies.elcarrascal.arganda@educa.madrid.org,Jornada continua
28039724,"IES ""GRANDE COVIAN""",INSTITUTO DE EDUCACIÓN SECUNDARIA,Público,COMUNIDAD DE MADRID,Madrid-Este,"camino del molino 8, 28500, Arganda del Rey. ",918700363,918700453,http://www.educa.madrid.org/ies.grandecovian.arganda,ies.grandecovian.arganda@educa.madrid.org,Jornada continua
28058627,"IES ""JOSE SARAMAGO""",INSTITUTO DE EDUCACIÓN SECUNDARIA,Público,COMUNIDAD DE MADRID,Madrid-Este,"camino de valdearganda 8, 28500, Arganda del Rey. ",918757890,918712127,http://www.educa.madrid.org/ies.josesaramago.arganda,ies.josesaramago.arganda@educa.madrid.org,Jornada continua
28036981,"IES ""LA POVEDA""",INSTITUTO DE EDUCACIÓN SECUNDARIA,Público,COMUNIDAD DE MADRID,Madrid-Este,"calle monte potrero s/n, 28500, Arganda del Rey. ",918715312,918704123,http://www.educa.madrid.org/ies.lapoveda.arganda,ies.lapoveda.arganda@educa.madrid.org,Jornada continua
28700696,,,,,,,,,,,
28701241,,,,,,,,,,,
28001824,,,,,,,,,,,
28065841,"IES ""NUEVO EN CAMPO REAL""",INSTITUTO DE EDUCACIÓN SECUNDARIA,Público,COMUNIDAD DE MADRID,Madrid-Este,"avenida de la circunvalación 3, 28510, Campo Real. ",918765070,918733915,http://www.educa.madrid.org/sies.lapoveda.camporeal,sies.lapoveda.camporeal@educa.madrid.org,Jornada continua
28063933,"CP INF-PRI ""SANTA LUCIA""",COLEGIO DE EDUCACIÓN INFANTIL Y PRIMARIA,Público,COMUNIDAD DE MADRID,Madrid-Este,"avenida de tielmes 20, 28560, Carabaña. ",918723041,918723041,http://www.educa.madrid.org/cp.santalucia.carabana,cp.santalucia.carabana@educa.madrid.org,Jornada continua
28002646,,,,,,,,,,,
